phrase	count	section
רבה משה	158	מימר מרקה I:12a
נביה רבה	137	מימר מרקה I:12a
נביה רבה משה	128	מימר מרקה I:12a
כמה דאמר	40	מימר מרקה I:39
הכ משה	35	מימר מרקה II:40
עד לעלמ	34	מימר מרקה II:1b
לא הוה	31	מימר מרקה I:17
משה ומנ	30	מימר מרקה II:40
הכ משה ומנ	30	מימר מרקה II:40
אלינ מליה	29	מימר מרקה I:12a
ומנ מדמי	29	מימר מרקה II:40
ואמר יה	28	מימר מרקה I:56
משה ומנ מדמי	28	מימר מרקה II:40
ולא יקומ	27	מימר מרקה I:77
ארע מצרימ	26	מימר מרקה I:47
וכנ אמר	26	מימר מרקה II:40
האנ הכ	25	מימר מרקה II:40
האנ הכ משה	25	מימר מרקה II:40
אני אני	25	מימר מרקה IV:103
עד מותר	24	מימר מרקה I:70
אמר לה	24	מימר מרקה I:12a
על כנ	24	מימר מרקה I:26
אלא אחד	24	מימר מרקה I:55
עד אמת	24	מימר מרקה IV:63
מדמי למשה	23	מימר מרקה II:40
אני הוא	23	מימר מרקה IV:103
אני אני הוא	23	מימר מרקה IV:103
אלה אלא	22	מימר מרקה I:55
אלה אלא אחד	22	מימר מרקה I:55
ומנ מדמי למשה	22	מימר מרקה II:40
אמר לונ	21	מימר מרקה I:70
הנ לא	21	מימר מרקה I:68
לית אלה	21	מימר מרקה I:55
לית אלה אלא	21	מימר מרקה I:55
כל אלינ	20	מימר מרקה I:75
אל משה	20	מימר מרקה I:59
משה נביה	20	מימר מרקה I:59
על קשטה	20	מימר מרקה III:41
כל אהנ	19	מימר מרקה I:20
כי גדול	19	מימר מרקה II:8
מכל האלהימ	19	מימר מרקה II:8
מכנ אמר	19	מימר מרקה II:38
לא יהי	19	מימר מרקה III:71
לא יקרב	19	מימר מרקה III:68
ית עמה	18	מימר מרקה I:70
לית בה	18	מימר מרקה I:70
בכל ארע	18	מימר מרקה I:40
מנ אלינ	18	מימר מרקה I:53
יקומ לעלמ	18	מימר מרקה I:77
כל קהלה	18	מימר מרקה I:7
יה אל	17	מימר מרקה I:13
ולא יקומ לעלמ	17	מימר מרקה I:77
גדול יהוה	17	מימר מרקה II:8
יהוה מכל	17	מימר מרקה II:8
כי גדול יהוה	17	מימר מרקה II:8
גדול יהוה מכל	17	מימר מרקה II:8
יהוה מכל האלהימ	17	מימר מרקה II:8
יהוה ימלכ	17	מימר מרקה II:50
ימלכ עולמ	17	מימר מרקה II:50
הדה מלתה	17	מימר מרקה III:59
מנ מרה	16	מימר מרקה I:39
הכ מה	16	מימר מרקה I:45
מנ עבד	16	מימר מרקה I:22
כותה ולא	16	מימר מרקה I:55
ריש ירחיה	16	מימר מרקה I:55
יומ נקמ	16	מימר מרקה II:50
יהוה ימלכ עולמ	16	מימר מרקה II:50
אלה רחמנ	16	מימר מרקה IV:84
ואמר לה	15	מימר מרקה I:35
נתנ אפרשו	15	מימר מרקה I:26
מרה דעלמה	15	מימר מרקה I:21
משה ית	15	מימר מרקה I:55
בני ישראל	15	מימר מרקה I:67
כל הדה	15	מימר מרקה I:32
אהיה אשר	15	מימר מרקה I:11
לא קמ	15	מימר מרקה II:7
מנ אהנ	15	מימר מרקה III:70
משה ואהרנ	14	מימר מרקה I:70
הכ אמר	14	מימר מרקה I:12a
ברבו רבה	14	מימר מרקה I:59
ירחה אדנ	14	מימר מרקה I:55
אדנ לכונ	14	מימר מרקה I:55
לכונ ריש	14	מימר מרקה I:55
ירחה אדנ לכונ	14	מימר מרקה I:55
אדנ לכונ ריש	14	מימר מרקה I:55
לכונ ריש ירחיה	14	מימר מרקה I:55
אשר אהיה	14	מימר מרקה I:11
אהיה אשר אהיה	14	מימר מרקה I:11
ונימר לית	14	מימר מרקה II:28
ונימר לית אלה	14	מימר מרקה II:28
בכל זבנ	14	מימר מרקה II:49
אמר אלה	14	מימר מרקה III:9
ית עמי	13	מימר מרקה I:47
ואמר יה אל	13	מימר מרקה I:59
יה אל משה	13	מימר מרקה I:59
ולא יכל	13	מימר מרקה I:19
קהל ישראל	13	מימר מרקה I:22
הכ מד	13	מימר מרקה I:78
על ימה	13	מימר מרקה I:77
משה אמר	13	מימר מרקה I:48
אה נביה	13	מימר מרקה II:1b
ונסיד ונימר	13	מימר מרקה II:28
כל ישראל	13	מימר מרקה II:51
עולמ ועוד	13	מימר מרקה II:50
ימלכ עולמ ועוד	13	מימר מרקה II:50
אה קהלה	13	מימר מרקה III:39
מד לא	13	מימר מרקה III:59
הלא חכמת	12	מימר מרקה I:6
חכמת ית	12	מימר מרקה I:6
ית מחיה	12	מימר מרקה I:6
הלא חכמת ית	12	מימר מרקה I:6
חכמת ית מחיה	12	מימר מרקה I:6
ולא צבה	12	מימר מרקה I:56
בכל ארע מצרימ	12	מימר מרקה I:59
לזימונ אחוכ	12	מימר מרקה I:26
ימ סופ	12	מימר מרקה I:55
והנ הוה	12	מימר מרקה I:38
רב הוא	12	מימר מרקה I:2
כותה ולא יקומ	12	מימר מרקה II:7
מד בה	12	מימר מרקה II:40
ונסיד ונימר לית	12	מימר מרקה II:28
כוננו ידכ	12	מימר מרקה II:49
כל עת	12	מימר מרקה II:50
על מד	12	מימר מרקה III:6
בכל עת	12	מימר מרקה III:6
בה כל	12	מימר מרקה III:39
מד לה	12	מימר מרקה III:39
הוה תמנ	12	מימר מרקה III:15
כל איקר	12	מימר מרקה III:11
אלהי נכר	12	מימר מרקה IV:108
מנ ארבעה	12	מימר מרקה IV:17
מונ דאלפ	11	מימר מרקה I:70
ולא יכלו	11	מימר מרקה I:56
ארע מצר	11	מימר מרקה I:75
סגי מכנ	11	מימר מרקה I:75
ובתר כנ	11	מימר מרקה I:26
דאמר לה	11	מימר מרקה I:19
מנה לא	11	מימר מרקה I:1
משה לא	11	מימר מרקה I:77
דרי עלמה	11	מימר מרקה I:14a
אהנ ממללה	11	מימר מרקה II:39
עד נהי	11	מימר מרקה II:40
יהוה כוננו	11	מימר מרקה II:49
יהוה כוננו ידכ	11	מימר מרקה II:49
עסרתי מליה	11	מימר מרקה II:46
לכל דריה	11	מימר מרקה III:56
הב בלכ	11	מימר מרקה III:50
מנ שומיה	11	מימר מרקה III:67a
אה אלה	11	מימר מרקה IV:84
אה אלה רחמנ	11	מימר מרקה IV:84
עשה גדלה	11	מימר מרקה IV:22
גדלה משפט	11	מימר מרקה IV:22
לה אה	10	מימר מרקה I:35
ומשה ואהרנ	10	מימר מרקה I:70
על פרעה	10	מימר מרקה I:56
ויהי לכ	10	מימר מרקה I:9
לכ דנ	10	מימר מרקה I:9
ויהי לכ דנ	10	מימר מרקה I:9
זל לזימונ	10	מימר מרקה I:26
זל לזימונ אחוכ	10	מימר מרקה I:26
כד שמע	10	מימר מרקה I:21
לה מנ	10	מימר מרקה I:55
אהנ רזה	10	מימר מרקה I:73
לה מרה	10	מימר מרקה I:20
מנ יתה	10	מימר מרקה I:20
משה אישה	10	מימר מרקה I:10a
ית אתתה	10	מימר מרקה I:23
יקרב לה	10	מימר מרקה I:7
קמ כותה	10	מימר מרקה II:7
קמ כותה ולא	10	מימר מרקה II:7
אמר נביה	10	מימר מרקה II:28
טוב מנ	10	מימר מרקה II:50
ידכ יהוה	10	מימר מרקה II:50
כד הוה	10	מימר מרקה III:39
עובד ביש	10	מימר מרקה III:68
רחמנה דרחמיו	10	מימר מרקה III:14
לגו עלמה	10	מימר מרקה III:1a
עשה גדלה משפט	10	מימר מרקה IV:22
משה ברה	10	מימר מרקה V:30b
ברה דעמרמ	10	מימר מרקה V:30b
לכ אה	9	מימר מרקה I:35
יהוה אל	9	מימר מרקה I:13
ביני כל	9	מימר מרקה I:70
הכ דאמר	9	מימר מרקה I:47
לית לאוי	9	מימר מרקה I:6
הכ הו	9	מימר מרקה I:12a
נב רבה	9	מימר מרקה I:75
נב רבה משה	9	מימר מרקה I:75
אמ לא	9	מימר מרקה I:40
בתר כנ	9	מימר מרקה I:53
מנ אשתה	9	מימר מרקה I:9
לא ידע	9	מימר מרקה I:19
רב וחיול	9	מימר מרקה I:19
פרעה ועל	9	מימר מרקה I:55
לבר מנה	9	מימר מרקה I:1
אלה על	9	מימר מרקה I:16a
על אהנ	9	מימר מרקה I:73
משה עלל	9	מימר מרקה I:77
לא קעמ	9	מימר מרקה I:77
ונביה רבה	9	מימר מרקה I:11a
חזי יהבתכ	9	מימר מרקה I:34
יהבתכ אלהימ	9	מימר מרקה I:34
אלהימ לפרעה	9	מימר מרקה I:34
חזי יהבתכ אלהימ	9	מימר מרקה I:34
יהבתכ אלהימ לפרעה	9	מימר מרקה I:34
לטב עד	9	מימר מרקה II:1b
לטב עד לעלמ	9	מימר מרקה II:1b
במד לה	9	מימר מרקה II:39
אמר כי	9	מימר מרקה II:38
אמר נביה רבה	9	מימר מרקה II:28
אהנ עובדה	9	מימר מרקה III:70
עמי הכ	9	מימר מרקה III:56
מכל איקר	9	מימר מרקה III:72a
בלכ לא	9	מימר מרקה III:59
מנ עובד	9	מימר מרקה III:68
למה לא	9	מימר מרקה III:18
כהלה אצלחו	9	מימר מרקה III:4
עד הנ	9	מימר מרקה III:65
דנ נביה	9	מימר מרקה III:1a
וחדה מנ	9	מימר מרקה III:48
רחמנ ולית	9	מימר מרקה IV:84
אלה רחמנ ולית	9	מימר מרקה IV:84
מנ יכל	9	מימר מרקה IV:71
לא הוה תמנ	9	מימר מרקה IV:68
משפט לא	9	מימר מרקה IV:22
גדלה משפט לא	9	מימר מרקה IV:22
יתרבי לעלמ	9	מימר מרקה IV:50
ביומ נקמ	9	מימר מרקה IV:20
מנ לא	9	מימר מרקה IV:41
עול כד	9	מימר מרקה IV:25
משה ברה דעמרמ	9	מימר מרקה V:30b
לה מותה	9	מימר מרקה V:4
אהנ מלכה	8	מימר מרקה I:39
מה חנאה	8	מימר מרקה I:12a
ידע אנה	8	מימר מרקה I:76
יה לאהרנ	8	מימר מרקה I:26
לאהרנ זל	8	מימר מרקה I:26
בדיל לא	8	מימר מרקה I:26
יה לאהרנ זל	8	מימר מרקה I:26
לאהרנ זל לזימונ	8	מימר מרקה I:26
מנ הדה	8	מימר מרקה I:21
עמה אל	8	מימר מרקה I:18
כל אמיה	8	מימר מרקה I:4
והוה ברד	8	מימר מרקה I:55
ברד בכל	8	מימר מרקה I:55
ולא יהי	8	מימר מרקה I:55
והוה ברד בכל	8	מימר מרקה I:55
ברד בכל ארע	8	מימר מרקה I:55
בשמ יהוה	8	מימר מרקה I:16a
אמר משה	8	מימר מרקה I:73
ואנסב משה	8	מימר מרקה I:23
אתתה וית	8	מימר מרקה I:23
ואנסב משה ית	8	מימר מרקה I:23
משה ית אתתה	8	מימר מרקה I:23
ית אתתה וית	8	מימר מרקה I:23
שמה רבה	8	מימר מרקה I:12
ונביה רבה משה	8	מימר מרקה I:11a
הוה כרז	8	מימר מרקה I:72
כרז לונ	8	מימר מרקה I:72
הוה כרז לונ	8	מימר מרקה I:72
הנ הוה	8	מימר מרקה I:9a
משה משה	8	מימר מרקה I:3
לכנ אמר	8	מימר מרקה II:20
בה לא	8	מימר מרקה II:48
בית אלהימ	8	מימר מרקה II:40
בכל אתר	8	מימר מרקה II:49
כוננו ידכ יהוה	8	מימר מרקה II:50
ידכ יהוה ימלכ	8	מימר מרקה II:50
מנ אלה	8	מימר מרקה III:13
במה דעבד	8	מימר מרקה III:71
כל אחד	8	מימר מרקה III:72b
יהוה אלהכ	8	מימר מרקה III:50
מודאה לאלה	8	מימר מרקה III:33
בר מנה	8	מימר מרקה III:8
מלכה רבה	8	מימר מרקה III:14
וילה אנש	8	מימר מרקה IV:56
לנביה רבה	8	מימר מרקה IV:68
לנביה רבה משה	8	מימר מרקה IV:68
אהנ דברה	8	מימר מרקה IV:17
מידי מציל	8	מימר מרקה IV:42
ולא בני	8	מימר מרקה IV:45
תמנ עול	8	מימר מרקה IV:25
הוה תמנ עול	8	מימר מרקה IV:25
הנ לא יקרב	8	מימר מרקה V:5
לא יקרב לה	8	מימר מרקה V:3
אה נביה רבה	8	מימר מרקה VI:35
פרעה מלכה	7	מימר מרקה I:35
ליד פרעה	7	מימר מרקה I:35
בדחלה רבה	7	מימר מרקה I:35
ועלמה עלמ	7	מימר מרקה I:13
שגר ית	7	מימר מרקה I:70
לונ פרעה	7	מימר מרקה I:70
כד אמר	7	מימר מרקה I:70
ואמר לונ	7	מימר מרקה I:47
שלמ לכ	7	מימר מרקה I:47
שלח ית	7	מימר מרקה I:47
מה דאמר	7	מימר מרקה I:39
ממלל עמ	7	מימר מרקה I:12a
צבה שמע	7	מימר מרקה I:56
שמע לונ	7	מימר מרקה I:56
על ממללה	7	מימר מרקה I:56
דו בעי	7	מימר מרקה I:56
ולא צבה שמע	7	מימר מרקה I:56
צבה שמע לונ	7	מימר מרקה I:56
לגו ארע	7	מימר מרקה I:75
למשה ולאהרנ	7	מימר מרקה I:45
כד עמו	7	מימר מרקה I:53
בפלגות ליליה	7	מימר מרקה I:68
שמע מנ	7	מימר מרקה I:19
אפרשו גדילה	7	מימר מרקה I:22
נתנ אפרשו גדילה	7	מימר מרקה I:22
ליליה ויהוה	7	מימר מרקה I:69
ויהוה קטל	7	מימר מרקה I:69
הלא לית	7	מימר מרקה I:69
בית דלית	7	מימר מרקה I:69
ליליה ויהוה קטל	7	מימר מרקה I:69
ממללה עמ	7	מימר מרקה I:18
דנ לדנ	7	מימר מרקה I:27
אתי בשלמ	7	מימר מרקה I:27
ולבה מלי	7	מימר מרקה I:17
בני אדמ	7	מימר מרקה I:55
ולא שמע	7	מימר מרקה I:55
ואמ מחי	7	מימר מרקה I:50
אה מנ	7	מימר מרקה I:13a
סגי ממה	7	מימר מרקה I:33
יהי לה	7	מימר מרקה I:10a
אדכיר לטב	7	מימר מרקה I:23
וית בניו	7	מימר מרקה I:23
אתתה וית בניו	7	מימר מרקה I:23
משה מנ	7	מימר מרקה I:77
קעמ ולא	7	מימר מרקה I:77
קעמ ולא יקומ	7	מימר מרקה I:77
שת מונ	7	מימר מרקה I:32
שת מונ דאלפ	7	מימר מרקה I:32
לה שלמ	7	מימר מרקה I:38
ביד קשטה	7	מימר מרקה I:11a
מה דנ	7	מימר מרקה I:14a
בכל דרי	7	מימר מרקה I:14a
בכל דרי עלמה	7	מימר מרקה I:14a
טור סיני	7	מימר מרקה I:72
טב מנה	7	מימר מרקה I:16
דו רחמנ	7	מימר מרקה II:47
רחמנ ורתאי	7	מימר מרקה II:47
בימ סופ	7	מימר מרקה II:6
אחד מנונ	7	מימר מרקה II:39
לא קמ כותה	7	מימר מרקה II:7
משכנה קדישה	7	מימר מרקה II:48
בה ובמשה	7	מימר מרקה II:51
שמ יהוה	7	מימר מרקה II:37
כד קרא	7	מימר מרקה II:46
אהנ איקרה	7	מימר מרקה III:13
טב לנ	7	מימר מרקה III:47
אלה לא	7	מימר מרקה III:6
כל טוב	7	מימר מרקה III:6
כל מד	7	מימר מרקה III:39
הממנ לחודה	7	מימר מרקה III:76
מנ שרואה	7	מימר מרקה III:53
כל חדה	7	מימר מרקה III:68
עמי מה	7	מימר מרקה III:68
לא יכל	7	מימר מרקה III:19
לבר מנ	7	מימר מרקה III:72b
מנ גוני	7	מימר מרקה III:18
ישתבח רחמנה	7	מימר מרקה III:14
ישתבח רחמנה דרחמיו	7	מימר מרקה III:14
בכל איקר	7	מימר מרקה III:31
יהוה אלהיכ	7	מימר מרקה III:7
כנ אנה	7	מימר מרקה III:48
קשטה ולא	7	מימר מרקה III:5
לא תהי	7	מימר מרקה III:58
לגו משכנה	7	מימר מרקה III:38
למשה נביא	7	מימר מרקה IV:6
מדמי למשה נביא	7	מימר מרקה IV:6
אה נביא	7	מימר מרקה IV:68
אננ בני	7	מימר מרקה IV:46
יהי כנ	7	מימר מרקה IV:46
גוני תמחיה	7	מימר מרקה IV:99
תמנ עול כד	7	מימר מרקה IV:25
לידה מותה	7	מימר מרקה V:5
שלמ עליכ	7	מימר מרקה V:19
יקרב לה מותה	7	מימר מרקה V:3
אה מלכה	6	מימר מרקה I:35
בעינ מנכ	6	מימר מרקה I:35
ואמר לה אה	6	מימר מרקה I:35
יה אלה	6	מימר מרקה I:13
בה רוח	6	מימר מרקה I:13
אמר לונ פרעה	6	מימר מרקה I:70
בבלוד רב	6	מימר מרקה I:47
עמי וישמשני	6	מימר מרקה I:47
ית עמי וישמשני	6	מימר מרקה I:47
וכל עמה	6	מימר מרקה I:6
כותה לא	6	מימר מרקה I:39
על מלה	6	מימר מרקה I:39
עמ נביה	6	מימר מרקה I:12a
ולא תהי	6	מימר מרקה I:12a
משה הכ	6	מימר מרקה I:12a
עמ נביה רבה	6	מימר מרקה I:12a
הכ אמר לה	6	מימר מרקה I:12a
לבה ולא	6	מימר מרקה I:56
לונ כל	6	מימר מרקה I:56
בה משה	6	מימר מרקה I:56
ואמר ניחח	6	מימר מרקה I:75
ניחח רוחכ	6	מימר מרקה I:75
עננה ואשתה	6	מימר מרקה I:75
רבו רבה	6	מימר מרקה I:75
ואמר ניחח רוחכ	6	מימר מרקה I:75
לה משה	6	מימר מרקה I:59
עמוד עננה	6	מימר מרקה I:59
פקד יהוה	6	מימר מרקה I:53
ואמר יה לאהרנ	6	מימר מרקה I:26
מה יתעבד	6	מימר מרקה I:19
מלבינ כל	6	מימר מרקה I:19
אננ אנונ	6	מימר מרקה I:43
והוה בפלגות	6	מימר מרקה I:69
לית בית	6	מימר מרקה I:69
דלית תמנ	6	מימר מרקה I:69
תמנ מית	6	מימר מרקה I:69
והוה בפלגות ליליה	6	מימר מרקה I:69
בפלגות ליליה ויהוה	6	מימר מרקה I:69
הלא לית בית	6	מימר מרקה I:69
לית בית דלית	6	מימר מרקה I:69
בית דלית תמנ	6	מימר מרקה I:69
דלית תמנ מית	6	מימר מרקה I:69
שמע משה	6	מימר מרקה I:21
קעמ על	6	מימר מרקה I:18
רב מכנ	6	מימר מרקה I:18
מנ לבטה	6	מימר מרקה I:4
כי מנ	6	מימר מרקה I:4
כל ארע	6	מימר מרקה I:55
סגי מנ	6	מימר מרקה I:55
רבה לא	6	מימר מרקה I:55
גלי לכ	6	מימר מרקה I:33
שמי רבה	6	מימר מרקה I:33
כל עלמה	6	מימר מרקה I:33
יהוה אל משה	6	מימר מרקה I:33
יכל קעמ	6	מימר מרקה I:23
אלה מנ	6	מימר מרקה I:77
פרעה עלל	6	מימר מרקה I:77
לא קעמ ולא	6	מימר מרקה I:77
עבד רוח	6	מימר מרקה I:48
רוח רמה	6	מימר מרקה I:48
רמה ולא	6	מימר מרקה I:48
רב מותר	6	מימר מרקה I:48
עבד רוח רמה	6	מימר מרקה I:48
רוח רמה ולא	6	מימר מרקה I:48
רמה ולא צבה	6	מימר מרקה I:48
כל בוראיה	6	מימר מרקה I:11a
על רישה	6	מימר מרקה I:3
ביד אלה	6	מימר מרקה I:54
לעלמ נביה	6	מימר מרקה II:1b
אדכיר לטב עד	6	מימר מרקה II:1b
מה דעבד	6	מימר מרקה II:47
ובמשה נביה	6	מימר מרקה II:47
דו רחמנ ורתאי	6	מימר מרקה II:47
לעלמ כי	6	מימר מרקה II:8
חיי עולמ	6	מימר מרקה II:1a
לא יקומ	6	מימר מרקה II:1a
וכל ישראל	6	מימר מרקה II:7
מנה לעלמ	6	מימר מרקה II:48
אהנ הכ	6	מימר מרקה II:40
טורה טבה	6	מימר מרקה II:40
דמע מכל	6	מימר מרקה II:40
אהנ הכ משה	6	מימר מרקה II:40
כלה בה	6	מימר מרקה II:45
כד בלש	6	מימר מרקה II:45
זבנ ועדנ	6	מימר מרקה II:49
שביל קשטה	6	מימר מרקה II:49
וילה לאנש	6	מימר מרקה II:50
עד יומ	6	מימר מרקה II:50
כהלה חיימ	6	מימר מרקה III:13
עמ כל	6	מימר מרקה III:70
אוי לנ	6	מימר מרקה III:47
עד האנ	6	מימר מרקה III:47
סגי מכל	6	מימר מרקה III:39
כד קעמ	6	מימר מרקה III:56
אוי לאנש	6	מימר מרקה III:75
בקלל רב	6	מימר מרקה III:59
מד לית	6	מימר מרקה III:59
מד ליתו	6	מימר מרקה III:59
נודי לחילה	6	מימר מרקה III:59
ליד משכנה	6	מימר מרקה III:9
יה אלהכ	6	מימר מרקה III:22
על טור	6	מימר מרקה III:17
הב בלכ לא	6	מימר מרקה III:50
במדע שלמ	6	מימר מרקה III:25
לית תמנ	6	מימר מרקה III:8
וכד הוה	6	מימר מרקה III:14
ומד בה	6	מימר מרקה III:31
ית קלה	6	מימר מרקה III:38
לית בחיל	6	מימר מרקה III:46
ולית עורי	6	מימר מרקה IV:84
רחמנ ולית עורי	6	מימר מרקה IV:84
ירומ מדעה	6	מימר מרקה IV:6
מדעה דמשה	6	מימר מרקה IV:6
נביא לא	6	מימר מרקה IV:6
במה דעבדו	6	מימר מרקה IV:56
שעתה דבה	6	מימר מרקה IV:103
ראו עתה	6	מימר מרקה IV:103
אשתתי יומיה	6	מימר מרקה IV:15
מנ לה	6	מימר מרקה IV:15
ובטלת שמונ	6	מימר מרקה IV:65
אה שלטנו	6	מימר מרקה IV:77
ואינ מידי	6	מימר מרקה IV:42
ואינ מידי מציל	6	מימר מרקה IV:42
תהי דבב	6	מימר מרקה IV:11
לא כמעת	6	מימר מרקה V:35
כמעת עיניה	6	מימר מרקה V:35
לא כמעת עיניה	6	מימר מרקה V:35
תורה צוה	6	מימר מרקה V:14
צוה לנו	6	מימר מרקה V:14
לנו משה	6	מימר מרקה V:14
תורה צוה לנו	6	מימר מרקה V:14
צוה לנו משה	6	מימר מרקה V:14
על כנ אנה	6	מימר מרקה V:4
מדמי למ	6	מימר מרקה V:34
ומנ מדמי למ	6	מימר מרקה V:34
מנה מנ	5	מימר מרקה I:35
מנשי לה	5	מימר מרקה I:13
לה ועלמה	5	מימר מרקה I:13
בה ולא	5	מימר מרקה I:13
מנשי לה ועלמה	5	מימר מרקה I:13
לה ועלמה עלמ	5	מימר מרקה I:13
ושת מונ	5	מימר מרקה I:70
רב לא	5	מימר מרקה I:47
לא כותה	5	מימר מרקה I:47
למשלח ית	5	מימר מרקה I:47
למשלח ית עמי	5	מימר מרקה I:47
לית בי	5	מימר מרקה I:12a
הגיבה נביה	5	מימר מרקה I:12a
הגיבה נביה רבה	5	מימר מרקה I:12a
יה למשה	5	מימר מרקה I:56
עליו ולא	5	מימר מרקה I:56
לה ואמר	5	מימר מרקה I:75
וכל קהלה	5	מימר מרקה I:75
אה תדע	5	מימר מרקה I:75
תדע רוחכ	5	מימר מרקה I:75
אה תדע רוחכ	5	מימר מרקה I:75
פרעה וכל	5	מימר מרקה I:40
ית אדכ	5	מימר מרקה I:59
תלתה יומינ	5	מימר מרקה I:59
בכל ארע מצר	5	מימר מרקה I:53
בקל רמ	5	מימר מרקה I:68
אטר מנ	5	מימר מרקה I:9
ברה דעדנ	5	מימר מרקה I:9
אטר מנ אשתה	5	מימר מרקה I:9
ולא נסטי	5	מימר מרקה I:26
כי לבה	5	מימר מרקה I:26
כנ אמר	5	מימר מרקה I:26
אמרת לה	5	מימר מרקה I:26
יה לה	5	מימר מרקה I:19
ואמר יה לה	5	מימר מרקה I:19
מלי דחלה	5	מימר מרקה I:22
אמר לי	5	מימר מרקה I:21
זכאי עלמה	5	מימר מרקה I:4
יהב לכ	5	מימר מרקה I:4
יתה מנ	5	מימר מרקה I:17
לגו מדברה	5	מימר מרקה I:55
ואנתח משה	5	מימר מרקה I:55
ית אדה	5	מימר מרקה I:55
ארצ מצרימ	5	מימר מרקה I:55
ואנתח משה ית	5	מימר מרקה I:55
משה ית אדה	5	מימר מרקה I:55
כל ארע מצרימ	5	מימר מרקה I:55
על פרעה ועל	5	מימר מרקה I:55
ואתפנה פרעה	5	מימר מרקה I:50
בית אל	5	מימר מרקה I:25
הכ דהוה	5	מימר מרקה I:78
ממה דהוו	5	מימר מרקה I:33
ואמר יהוה	5	מימר מרקה I:33
לזכאי עלמה	5	מימר מרקה I:33
לה לעלמ	5	מימר מרקה I:33
סגי ממה דהוו	5	מימר מרקה I:33
כל בית	5	מימר מרקה I:67
על כלה	5	מימר מרקה I:77
מנ עלמה	5	מימר מרקה I:7
תהו ובהו	5	מימר מרקה I:7
רב עד	5	מימר מרקה I:7
רב עד מותר	5	מימר מרקה I:7
מנ ממללה	5	מימר מרקה I:38
אמי עלמה	5	מימר מרקה I:11a
יתר על	5	מימר מרקה I:11a
רבה משה אמר	5	מימר מרקה I:11a
אלה למשה	5	מימר מרקה I:11
הנ לית	5	מימר מרקה I:52
לכל קהלה	5	מימר מרקה I:29
לית כותה	5	מימר מרקה I:15a
כל אנש	5	מימר מרקה I:15a
מחי את	5	מימר מרקה I:46
ואמ מחי את	5	מימר מרקה I:46
אלא על	5	מימר מרקה I:2
אתחזי לה	5	מימר מרקה I:2
עד יהי	5	מימר מרקה II:1b
לעלמ נביה רבה	5	מימר מרקה II:1b
רבותה לאלהנו	5	מימר מרקה II:47
בר ארדאי	5	מימר מרקה II:47
ארדאי ומעזי	5	מימר מרקה II:47
נרבי למרנ	5	מימר מרקה II:47
בר ארדאי ומעזי	5	מימר מרקה II:47
את הימ	5	מימר מרקה II:6
כל העמ	5	מימר מרקה II:8
כל המצרימ	5	מימר מרקה II:8
חיימ מוחימ	5	מימר מרקה II:8
עד מאד	5	מימר מרקה II:8
יהי לנ	5	מימר מרקה II:39
בטור סיני	5	מימר מרקה II:48
וכל אחד	5	מימר מרקה II:48
יהוה עליו	5	מימר מרקה II:40
הדה שירתה	5	מימר מרקה II:40
עמ זה	5	מימר מרקה II:40
מנ האנ	5	מימר מרקה II:45
כל בני	5	מימר מרקה II:19
מי כמוכ	5	מימר מרקה II:38
עשה משפט	5	מימר מרקה II:38
בכל זבנ ועדנ	5	מימר מרקה II:49
בה ובמשה נביה	5	מימר מרקה II:51
בהדה שירתה	5	מימר מרקה II:18
כד אתא	5	מימר מרקה II:46
איקרה רבה	5	מימר מרקה III:13
בה אלה	5	מימר מרקה III:13
לא יפק	5	מימר מרקה III:13
חכמה כהלה	5	מימר מרקה III:13
ליתו מתחלפ	5	מימר מרקה III:13
שכב עמ	5	מימר מרקה III:70
פני מנ	5	מימר מרקה III:47
מנ אחס	5	מימר מרקה III:6
קדש ליהוה	5	מימר מרקה III:39
על מדבחה	5	מימר מרקה III:39
לית לכ	5	מימר מרקה III:56
מנ אדמ	5	מימר מרקה III:56
על עובד	5	מימר מרקה III:56
עסרה גנואנ	5	מימר מרקה III:59
חדה מנונ	5	מימר מרקה III:68
אחד מנ	5	מימר מרקה III:19
לאוי לכ	5	מימר מרקה III:43
דגלה לנ	5	מימר מרקה III:69
וידבר משה	5	מימר מרקה III:4
מה אתמר	5	מימר מרקה III:4
לאוי עליכ	5	מימר מרקה III:50
יתרה על	5	מימר מרקה III:73
בני טבימ	5	מימר מרקה III:73
דו אמר	5	מימר מרקה III:15
וכנ אמר אלה	5	מימר מרקה III:15
על ישראל	5	מימר מרקה III:1b
מנ אכה	5	מימר מרקה III:1b
משה כד	5	מימר מרקה III:41
כל קהל	5	מימר מרקה III:8
כל אילנ	5	מימר מרקה III:14
דו אחד	5	מימר מרקה III:1a
ולא קמ	5	מימר מרקה III:67a
האנ נביא	5	מימר מרקה III:7
לה אלה	5	מימר מרקה III:7
ליד ארעה	5	מימר מרקה III:7
נסב אפימ	5	מימר מרקה III:24
הכ הוא	5	מימר מרקה III:58
ומנה לא	5	מימר מרקה III:60
מה הו	5	מימר מרקה III:28
לה נמי	5	מימר מרקה III:67b
מנ שביל	5	מימר מרקה III:67b
ירומ מדעה דמשה	5	מימר מרקה IV:6
למשה נביא לא	5	מימר מרקה IV:6
נביא לא קמ	5	מימר מרקה IV:6
ויחוי לכ	5	מימר מרקה IV:56
שירתה רבתה	5	מימר מרקה IV:75
בה מנ	5	מימר מרקה IV:68
קמ ולא	5	מימר מרקה IV:68
לא קמ ולא	5	מימר מרקה IV:68
קמ ולא יקומ	5	מימר מרקה IV:68
קרנ אורה	5	מימר מרקה IV:43
כל דרכיו	5	מימר מרקה IV:22
לא יתר	5	מימר מרקה IV:22
יתר ולא	5	מימר מרקה IV:22
ולא פעת	5	מימר מרקה IV:22
כי כל דרכיו	5	מימר מרקה IV:22
לא יתר ולא	5	מימר מרקה IV:22
יתר ולא פעת	5	מימר מרקה IV:22
אפ אנונ	5	מימר מרקה IV:17
אהנ כמשה	5	מימר מרקה IV:102
כד חסל	5	מימר מרקה IV:15
נביה מהימנה	5	מימר מרקה IV:78
עמי אלינ	5	מימר מרקה IV:67
יומ דינה	5	מימר מרקה IV:100
כיר אדה	5	מימר מרקה IV:58
כנ אננ	5	מימר מרקה IV:46
עמו הכ	5	מימר מרקה IV:34
ישראל זעקה	5	מימר מרקה IV:79
זעקה מרה	5	מימר מרקה IV:79
ישראל זעקה מרה	5	מימר מרקה IV:79
באידנ מדע	5	מימר מרקה IV:45
מלאכי רומה	5	מימר מרקה IV:21
אהנ מלכה רבה	5	מימר מרקה IV:57
מה אתעבד	5	מימר מרקה IV:2
כות טלה	5	מימר מרקה V:30b
קביר ביד	5	מימר מרקה V:30b
בנ נונ	5	מימר מרקה V:6
אה יהושע	5	מימר מרקה V:6
וכד שמעו	5	מימר מרקה V:6
הכ הי	5	מימר מרקה V:8
לנו משה ברה	5	מימר מרקה V:14
יקרב לידה	5	מימר מרקה V:5
יקרב לידה מותה	5	מימר מרקה V:5
שבעה זבנינ	5	מימר מרקה V:24
לעלמ דנ	5	מימר מרקה V:24
יתרבי לעלמ דנ	5	מימר מרקה V:24
אנה שאלה	5	מימר מרקה V:4
כנ אנה שאלה	5	מימר מרקה V:4
לה שלמ עליכ	5	מימר מרקה V:16
ואמרת אה	5	מימר מרקה VI:35
הוה לי	5	מימר מרקה VI:35
יומה דבה	5	מימר מרקה VI:35
מה קעמת	5	מימר מרקה VI:43
קעמת עמכ	5	מימר מרקה VI:43
דאתה עתיד	4	מימר מרקה I:35
רב דחלתה	4	מימר מרקה I:35
בה פליאנ	4	מימר מרקה I:35
למשה ולאה	4	מימר מרקה I:35
בזריזו רבה	4	מימר מרקה I:35
אל תרח	4	מימר מרקה I:35
דעלו לידכ	4	מימר מרקה I:35
ליד פרעה מלכה	4	מימר מרקה I:35
אתחזי לידי	4	מימר מרקה I:13
ידע מה	4	מימר מרקה I:13
עבד משה	4	מימר מרקה I:70
מנ ארעה	4	מימר מרקה I:70
ואשתה קמיונ	4	מימר מרקה I:70
הות סכות	4	מימר מרקה I:70
דמיה הות	4	מימר מרקה I:70
כל דינ	4	מימר מרקה I:70
בעננה ובאשתה	4	מימר מרקה I:70
אלינ שניה	4	מימר מרקה I:70
בוראי עלמה	4	מימר מרקה I:70
ושת מונ דאלפ	4	מימר מרקה I:70
אסתכל פרעה	4	מימר מרקה I:47
כדנ אמר	4	מימר מרקה I:47
אמר יה	4	מימר מרקה I:47
שלח ית עמי	4	מימר מרקה I:47
מרה דכל	4	מימר מרקה I:39
משה ליה	4	מימר מרקה I:56
כל דהוו	4	מימר מרקה I:56
מבתר אהנ	4	מימר מרקה I:56
עמה לית	4	מימר מרקה I:56
עלמ על	4	מימר מרקה I:56
ישראל לא	4	מימר מרקה I:56
פיח אתונה	4	מימר מרקה I:56
צית שומיה	4	מימר מרקה I:56
כל מצראי	4	מימר מרקה I:56
עלמ על ממללה	4	מימר מרקה I:56
ואמר יה למשה	4	מימר מרקה I:56
מבכי לה	4	מימר מרקה I:75
יקירה דבית	4	מימר מרקה I:75
דבית אביו	4	מימר מרקה I:75
ובתר כל	4	מימר מרקה I:75
מבכי לה ואמר	4	מימר מרקה I:75
לה ואמר ניחח	4	מימר מרקה I:75
יקירה דבית אביו	4	מימר מרקה I:75
לגו ארע מצר	4	מימר מרקה I:75
לב פרעה	4	מימר מרקה I:76
אמיר לה	4	מימר מרקה I:76
לכ מה	4	מימר מרקה I:40
מנה ואנה	4	מימר מרקה I:45
מה דהוה	4	מימר מרקה I:45
הכ מה דהוה	4	מימר מרקה I:45
משה אנתח	4	מימר מרקה I:59
אנתח ית	4	מימר מרקה I:59
אדכ צית	4	מימר מרקה I:59
מניר לונ	4	מימר מרקה I:59
והוא לא	4	מימר מרקה I:59
עמי לה	4	מימר מרקה I:59
בית אסורה	4	מימר מרקה I:59
קרצ בצפרה	4	מימר מרקה I:59
מנ עלוי	4	מימר מרקה I:59
אל משה אנתח	4	מימר מרקה I:59
משה אנתח ית	4	מימר מרקה I:59
אנתח ית אדכ	4	מימר מרקה I:59
כמד פקד	4	מימר מרקה I:53
חרשיה קנומונ	4	מימר מרקה I:53
קנומונ נצעינ	4	מימר מרקה I:53
יתונ ולא	4	מימר מרקה I:53
עבוד פליאתה	4	מימר מרקה I:53
כמד פקד יהוה	4	מימר מרקה I:53
חרשיה קנומונ נצעינ	4	מימר מרקה I:53
דנ סימ	4	מימר מרקה I:9
דנ סי	4	מימר מרקה I:9
לכ דנ סימ	4	מימר מרקה I:9
לכ דנ סי	4	מימר מרקה I:9
וא יה	4	מימר מרקה I:26
אחוכ כי	4	מימר מרקה I:26
יה לא	4	מימר מרקה I:26
אמר ושמע	4	מימר מרקה I:26
לזימונ אחוכ כי	4	מימר מרקה I:26
רב חילה	4	מימר מרקה I:19
יכל ערק	4	מימר מרקה I:19
ערק ולא	4	מימר מרקה I:19
ולא יסטי	4	מימר מרקה I:19
חיל דחלתה	4	מימר מרקה I:19
יכל ערק ולא	4	מימר מרקה I:19
לא תדחל	4	מימר מרקה I:43
עבדת כל	4	מימר מרקה I:22
בכל הדה	4	מימר מרקה I:22
יהי לכ	4	מימר מרקה I:22
ולא תקומ	4	מימר מרקה I:22
כד שמע משה	4	מימר מרקה I:21
אל חורנ	4	מימר מרקה I:18
משה ואמר	4	מימר מרקה I:18
עמה אל חורנ	4	מימר מרקה I:18
על חברה	4	מימר מרקה I:27
ברכהנ רברבהנ	4	מימר מרקה I:4
הוה כותה	4	מימר מרקה I:17
לא הוה כותה	4	מימר מרקה I:17
דנ ממללה	4	מימר מרקה I:55
שומיה וארעה	4	מימר מרקה I:55
מצרימ מגבי	4	מימר מרקה I:55
ית לבה	4	מימר מרקה I:55
עזר משה	4	מימר מרקה I:55
ממללה ולא	4	מימר מרקה I:55
ושרוי אנשמותה	4	מימר מרקה I:55
אנשמותה ירחה	4	מימר מרקה I:55
ירחיה חסול	4	מימר מרקה I:55
בה אנה	4	מימר מרקה I:55
ארע מצרימ מגבי	4	מימר מרקה I:55
ושרוי אנשמותה ירחה	4	מימר מרקה I:55
אנשמותה ירחה אדנ	4	מימר מרקה I:55
ריש ירחיה חסול	4	מימר מרקה I:55
ועל לביתה	4	מימר מרקה I:50
מלכ מצרימ	4	מימר מרקה I:50
מבטל לה	4	מימר מרקה I:50
לא תשמע	4	מימר מרקה I:50
לונ ולא	4	מימר מרקה I:50
ואתפנה פרעה ועל	4	מימר מרקה I:50
פרעה ועל לביתה	4	מימר מרקה I:50
חילה רבה	4	מימר מרקה I:1
ולית חורי	4	מימר מרקה I:1
חורי לבר	4	מימר מרקה I:1
ולית חורי לבר	4	מימר מרקה I:1
חורי לבר מנה	4	מימר מרקה I:1
קשטה אמר	4	מימר מרקה I:16a
מהו אהנ	4	מימר מרקה I:73
מהו אהנ רזה	4	מימר מרקה I:73
לה תמנ	4	מימר מרקה I:15
מנ מדעה	4	מימר מרקה I:15
ביד רמה	4	מימר מרקה I:78
שמו לעולמ	4	מימר מרקה I:78
אהנ מימרה	4	מימר מרקה I:33
מנ יומה	4	מימר מרקה I:33
לכ שמי	4	מימר מרקה I:33
לא גליתה	4	מימר מרקה I:33
לכ שמי רבה	4	מימר מרקה I:33
ואזלו ועבדו	4	מימר מרקה I:67
ועבדו בני	4	מימר מרקה I:67
ואזלו ועבדו בני	4	מימר מרקה I:67
ועבדו בני ישראל	4	מימר מרקה I:67
דאמר לה מרה	4	מימר מרקה I:20
וכל מנ	4	מימר מרקה I:41
מנ אברהמ	4	מימר מרקה I:14
לה אתי	4	מימר מרקה I:10a
כל דבביכ	4	מימר מרקה I:23
כל דבב	4	מימר מרקה I:23
אלא מנ	4	מימר מרקה I:31
רב הו	4	מימר מרקה I:77
מה דאה	4	מימר מרקה I:77
ימה דסופ	4	מימר מרקה I:77
מי מרה	4	מימר מרקה I:48
מה אמר	4	מימר מרקה I:48
אמר אל	4	מימר מרקה I:48
אל אהרנ	4	מימר מרקה I:48
בשלמ אמר	4	מימר מרקה I:48
מה טב	4	מימר מרקה I:28
וקעמו קדמיו	4	מימר מרקה I:38
אה איקר	4	מימר מרקה I:11a
עלמה לא	4	מימר מרקה I:11a
לא חזו	4	מימר מרקה I:11a
אהנ ולא	4	מימר מרקה I:11a
כד שמעו	4	מימר מרקה I:42
עמו נביה	4	מימר מרקה I:14a
אדה על	4	מימר מרקה I:14a
כד תלא	4	מימר מרקה I:14a
עמו נביה רבה	4	מימר מרקה I:14a
אדה על ימה	4	מימר מרקה I:14a
עלמה וכל	4	מימר מרקה I:11
לא יכלו	4	מימר מרקה I:30
ביתה יומה	4	מימר מרקה I:29
לכ יה	4	מימר מרקה I:16
את למשלח	4	מימר מרקה I:46
מחי את למשלח	4	מימר מרקה I:46
את למשלח ית	4	מימר מרקה I:46
משה אה	4	מימר מרקה I:9a
ויאמר משה	4	מימר מרקה I:3
דלא קמ	4	מימר מרקה I:3
עזר מנ	4	מימר מרקה I:3
ויאמר משה משה	4	מימר מרקה I:3
וכל סיעתה	4	מימר מרקה I:34
כעטפ עינה	4	מימר מרקה I:34
זעק למשה	4	מימר מרקה I:54
כל עמה	4	מימר מרקה I:66
לעלמ לא	4	מימר מרקה I:66
על דמותה	4	מימר מרקה I:2
האלהימ החמישי	4	מימר מרקה II:1b
עד לעלמ נביה	4	מימר מרקה II:1b
דהוה בה	4	מימר מרקה II:47
ארצ מצר	4	מימר מרקה II:6
הגדלות לכ	4	מימר מרקה II:6
לעיני כל	4	מימר מרקה II:8
שבעת ימימ	4	מימר מרקה II:8
מימ חיימ	4	מימר מרקה II:8
ואמיר כי	4	מימר מרקה II:8
כי היתה	4	מימר מרקה II:8
על פי	4	מימר מרקה II:8
לא היה	4	מימר מרקה II:8
ישראל עד	4	מימר מרקה II:8
עד יעבר	4	מימר מרקה II:8
הכ לא	4	מימר מרקה II:8
ואמיר כי היתה	4	מימר מרקה II:8
מדילה דאלה	4	מימר מרקה II:39
רבה וילה	4	מימר מרקה II:39
רבעת עלמה	4	מימר מרקה II:39
יקומ עד	4	מימר מרקה II:1a
עד אחד	4	מימר מרקה II:1a
גלה מנ	4	מימר מרקה II:7
שפת הימ	4	מימר מרקה II:7
ביהוה ובמשה	4	מימר מרקה II:7
משרי ואמר	4	מימר מרקה II:48
עליו לא	4	מימר מרקה II:48
ירומ נביה	4	מימר מרקה II:40
עבד לה	4	מימר מרקה II:40
מה עבד	4	מימר מרקה II:40
מנ ישומ	4	מימר מרקה II:40
מנ ריש	4	מימר מרקה II:40
ריש בראשית	4	מימר מרקה II:40
ירומ נביה רבה	4	מימר מרקה II:40
לה מרה דעלמה	4	מימר מרקה II:40
מנ ריש בראשית	4	מימר מרקה II:40
ונזע מנ	4	מימר מרקה II:28
בני ישר	4	מימר מרקה II:49
מנ איקרה	4	מימר מרקה II:49
עמ משה	4	מימר מרקה II:49
ונהימנ בה	4	מימר מרקה II:51
ונהימנ בה ובמשה	4	מימר מרקה II:51
על יד	4	מימר מרקה II:18
מנ השמימ	4	מימר מרקה II:4
יהוה אלהי	4	מימר מרקה II:50
ימ עו	4	מימר מרקה II:50
על הרגריזימ	4	מימר מרקה II:50
עד יומ נקמ	4	מימר מרקה II:50
מקימ לכ	4	מימר מרקה II:46
לכוכבי שומיה	4	מימר מרקה III:35
ככוכבי שומיה	4	מימר מרקה III:35
גלה לנ	4	מימר מרקה III:13
ממנ עד	4	מימר מרקה III:13
מנ גבורתה	4	מימר מרקה III:13
אהנ איקרה רבה	4	מימר מרקה III:13
חכמה כהלה חיימ	4	מימר מרקה III:13
ממנ עד לעלמ	4	מימר מרקה III:13
ארור שכב	4	מימר מרקה III:70
עובדה בישה	4	מימר מרקה III:70
טב לכ	4	מימר מרקה III:70
ארור שכב עמ	4	מימר מרקה III:70
מנ אהנ עובדה	4	מימר מרקה III:70
בהדה מלתה	4	מימר מרקה III:71
בה מה	4	מימר מרקה III:47
לכ ולא	4	מימר מרקה III:47
כל מלה	4	מימר מרקה III:47
הוה לכ	4	מימר מרקה III:6
אחס עליכ	4	מימר מרקה III:6
עמ קדש	4	מימר מרקה III:39
אברהמ כד	4	מימר מרקה III:39
לא תסור	4	מימר מרקה III:39
אוכחו לכל	4	מימר מרקה III:56
יעקב כד	4	מימר מרקה III:56
לה ולזרעה	4	מימר מרקה III:56
יתודי יכולה	4	מימר מרקה III:56
בה חסרנ	4	מימר מרקה III:56
אוכחו לכל דריה	4	מימר מרקה III:56
והנ בלש	4	מימר מרקה III:75
עובד דיתעבד	4	מימר מרקה III:75
רחמנ ורתאה	4	מימר מרקה III:76
ביש מה	4	מימר מרקה III:76
לקבל עובד	4	מימר מרקה III:40
עובד מרחי	4	מימר מרקה III:40
יעבד אהנ	4	מימר מרקה III:45
בכ כל	4	מימר מרקה III:59
דנ רזה	4	מימר מרקה III:59
מלה מנ	4	מימר מרקה III:59
ואלה מזדכי	4	מימר מרקה III:53
אל בישה	4	מימר מרקה III:68
מנ עובד ביש	4	מימר מרקה III:68
בדיל יוספ	4	מימר מרקה III:26
נכראה לא	4	מימר מרקה III:19
בר נכראה	4	מימר מרקה III:19
לכ תהי	4	מימר מרקה III:43
עמי דנ	4	מימר מרקה III:22
ושבח לאלה	4	מימר מרקה III:22
מנ מקרוב	4	מימר מרקה III:69
לאוי עליננ	4	מימר מרקה III:69
לעלמ אה	4	מימר מרקה III:69
וילה למנ	4	מימר מרקה III:69
אלא לא	4	מימר מרקה III:69
לא יתעבד	4	מימר מרקה III:69
ונשתעבד לה	4	מימר מרקה III:69
חדה מנ	4	מימר מרקה III:21
דנ עובדה	4	מימר מרקה III:21
מד את	4	מימר מרקה III:21
חובה רבה	4	מימר מרקה III:72b
ומקימ יתה	4	מימר מרקה III:18
מריח לאלה	4	מימר מרקה III:27
תסטי מנה	4	מימר מרקה III:4
מנ מלי	4	מימר מרקה III:4
דר ודור	4	מימר מרקה III:4
לכל ישראל	4	מימר מרקה III:4
ית ירדנה	4	מימר מרקה III:37
וכנ אלה	4	מימר מרקה III:37
בר בכור	4	מימר מרקה III:17
מנ אלינ מליה	4	מימר מרקה III:17
מכלל בכל	4	מימר מרקה III:55
עלמ כהלה	4	מימר מרקה III:55
מנ חכמתה	4	מימר מרקה III:73
על חברתה	4	מימר מרקה III:73
יתרה על חברתה	4	מימר מרקה III:73
תרינ עסר	4	מימר מרקה III:25
משה את	4	מימר מרקה III:15
ולא הוה	4	מימר מרקה III:15
לאוי לה	4	מימר מרקה III:15
לה תקומה	4	מימר מרקה III:63
לא אמטה	4	מימר מרקה III:33
אלא בדיל	4	מימר מרקה III:1b
היומ הזה	4	מימר מרקה III:8
אנש דיהי	4	מימר מרקה III:8
כל קהל ישראל	4	מימר מרקה III:8
דרחמיו יתרימ	4	מימר מרקה III:14
רחמנה דרחמיו יתרימ	4	מימר מרקה III:14
יהוה אלהינו	4	מימר מרקה III:1a
אלהינו יהוה	4	מימר מרקה III:1a
יהוה אחד	4	מימר מרקה III:1a
איש האלהימ	4	מימר מרקה III:1a
כותה לעלמ	4	מימר מרקה III:1a
לית עמה	4	מימר מרקה III:1a
ולית עמה	4	מימר מרקה III:1a
יהוה אלהינו יהוה	4	מימר מרקה III:1a
אלהינו יהוה אחד	4	מימר מרקה III:1a
לית עמה אל	4	מימר מרקה III:1a
דאמר ותרחמ	4	מימר מרקה III:23
מלוא באהנ	4	מימר מרקה III:67a
בדילה ולא	4	מימר מרקה III:67a
קמ עוד	4	מימר מרקה III:67a
עוד נביא	4	מימר מרקה III:67a
בדילה ולא קמ	4	מימר מרקה III:67a
ולא קמ עוד	4	מימר מרקה III:67a
קמ עוד נביא	4	מימר מרקה III:67a
על ריש	4	מימר מרקה III:31
נביא כמשה	4	מימר מרקה III:7
ליד קשטה	4	מימר מרקה III:7
ויאבדו כל	4	מימר מרקה III:7
עמי כל	4	מימר מרקה III:48
חכמה מרביה	4	מימר מרקה III:48
על קשטה ולא	4	מימר מרקה III:5
דו צריכ	4	מימר מרקה III:24
יהב לה	4	מימר מרקה III:74
מעלמ על	4	מימר מרקה III:74
מנ פמה	4	מימר מרקה III:32
לא יחכמ	4	מימר מרקה III:60
מנ דהוה	4	מימר מרקה III:28
נכר לא	4	מימר מרקה III:64
קשטה לא	4	מימר מרקה III:67b
איקר רב	4	מימר מרקה III:11
וכנ עבד	4	מימר מרקה III:30
ית ארעה	4	מימר מרקה III:10
מנ טובה	4	מימר מרקה III:10
כלה מנה	4	מימר מרקה III:52
הנ הות	4	מימר מרקה III:62
דקעמו על	4	מימר מרקה III:16
למה דנ	4	מימר מרקה III:16
מנ בראשית	4	מימר מרקה III:46
לונ נביה	4	מימר מרקה III:36
אמר לונ נביה	4	מימר מרקה III:36
לונ נביה רבה	4	מימר מרקה III:36
מנה כד	4	מימר מרקה III:61
אלינ אנונ	4	מימר מרקה III:54
אנונ חברי	4	מימר מרקה III:54
אילנ טב	4	מימר מרקה III:2
חמת בקר	4	מימר מרקה IV:84
ואינ עוד	4	מימר מרקה IV:84
עוד מלבדו	4	מימר מרקה IV:84
עורי בר	4	מימר מרקה IV:84
ויהב לה	4	מימר מרקה IV:84
ואינ עוד מלבדו	4	מימר מרקה IV:84
ולית עורי בר	4	מימר מרקה IV:84
עורי בר מנה	4	מימר מרקה IV:84
הוא נביה	4	מימר מרקה IV:6
אחד לקלומה	4	מימר מרקה IV:6
שאל אבוכ	4	מימר מרקה IV:56
אבוכ ויחוי	4	מימר מרקה IV:56
בנימ לא	4	מימר מרקה IV:56
שאל אבוכ ויחוי	4	מימר מרקה IV:56
אבוכ ויחוי לכ	4	מימר מרקה IV:56
יתודי אלה	4	מימר מרקה IV:75
והוה מלוא	4	מימר מרקה IV:43
מלוא בכנ	4	מימר מרקה IV:43
קל מרה	4	מימר מרקה IV:43
דרכיו משפט	4	מימר מרקה IV:22
ויומ נקמ	4	מימר מרקה IV:22
כל דרכיו משפט	4	מימר מרקה IV:22
כי ידינ	4	מימר מרקה IV:103
ידינ יהוה	4	מימר מרקה IV:103
ביומ דינה	4	מימר מרקה IV:103
כי אני	4	מימר מרקה IV:103
כי ידינ יהוה	4	מימר מרקה IV:103
כל טביה	4	מימר מרקה IV:108
עזר ואמר	4	מימר מרקה IV:27
חסל מנ	4	מימר מרקה IV:4
ועוד חלופה	4	מימר מרקה IV:17
וכנ אשתה	4	מימר מרקה IV:17
משה הדה	4	מימר מרקה IV:50
מכנ אמר נביה	4	מימר מרקה IV:50
פה אל	4	מימר מרקה IV:102
אל פה	4	מימר מרקה IV:102
פה אל פה	4	מימר מרקה IV:102
לית לונ	4	מימר מרקה IV:73
כלי וטמי	4	מימר מרקה IV:86
אמר מלת	4	מימר מרקה IV:15
כהלה רבו	4	מימר מרקה IV:15
ומה בה	4	מימר מרקה IV:15
הא אלה	4	מימר מרקה IV:67
רחמנ אה	4	מימר מרקה IV:67
הא אלה רחמנ	4	מימר מרקה IV:67
אלה רחמנ אה	4	מימר מרקה IV:67
רחמנ אה נביא	4	מימר מרקה IV:67
עבודי עגלה	4	מימר מרקה IV:65
ושמה רבה	4	מימר מרקה IV:14
פמה דמשה	4	מימר מרקה IV:14
מלת ברא	4	מימר מרקה IV:14
כי בשמ	4	מימר מרקה IV:14
משה הוה	4	מימר מרקה IV:14
איכ משה	4	מימר מרקה IV:7
איכ משה לא	4	מימר מרקה IV:7
אנכי יהוה	4	מימר מרקה IV:32
דבב לאלינ	4	מימר מרקה IV:11
בלכ לא תהי	4	מימר מרקה IV:11
לא תהי דבב	4	מימר מרקה IV:11
תהי דבב לאלינ	4	מימר מרקה IV:11
אמר הוא	4	מימר מרקה IV:30
אמר וידבר	4	מימר מרקה IV:49
מנ אבוה	4	מימר מרקה IV:46
יהי כנ אננ	4	מימר מרקה IV:46
כל דר	4	מימר מרקה IV:61
עמ כל דר	4	מימר מרקה IV:61
על צלמה	4	מימר מרקה IV:44
ובכנ מרנ	4	מימר מרקה IV:44
דלא קעמ	4	מימר מרקה IV:44
מנה ישראל	4	מימר מרקה IV:79
טב מנה ישראל	4	מימר מרקה IV:79
מנה ישראל זעקה	4	מימר מרקה IV:79
אחס עליו	4	מימר מרקה IV:47
מנ אחס עליו	4	מימר מרקה IV:47
לכל מנ	4	מימר מרקה IV:76
אנשי סדמ	4	מימר מרקה IV:45
לעלמ משה	4	מימר מרקה IV:21
מנ בה	4	מימר מרקה IV:18
על אפי	4	מימר מרקה IV:88
מה רחמנ	4	מימר מרקה IV:57
הוא עשכ	4	מימר מרקה IV:52
הו אי	4	מימר מרקה IV:81
אהנ יומה	4	מימר מרקה V:20
אזל שלמ	4	מימר מרקה V:20
שלמ אה	4	מימר מרקה V:20
לגו אשתה	4	מימר מרקה V:20
אמר לה כל	4	מימר מרקה V:20
לה כל קהלה	4	מימר מרקה V:20
אזל שלמ אה	4	מימר מרקה V:20
ולא ערק	4	מימר מרקה V:35
ערק רטובה	4	מימר מרקה V:35
רטובה חכמננ	4	מימר מרקה V:35
ולא ערק רטובה	4	מימר מרקה V:35
ערק רטובה חכמננ	4	מימר מרקה V:35
לוחי בריתה	4	מימר מרקה V:30b
ואיתמר ופינחס	4	מימר מרקה V:6
לה אה יהושע	4	מימר מרקה V:6
טור נבא	4	מימר מרקה V:23
על רגליו	4	מימר מרקה V:7
אה בר	4	מימר מרקה V:7
ברה דאחי	4	מימר מרקה V:7
מרירה שעתה	4	מימר מרקה V:5
לא יקרב לידה	4	מימר מרקה V:5
לעלמ דנ נביה	4	מימר מרקה V:24
כמד כתב	4	מימר מרקה V:26
והוא סליק	4	מימר מרקה V:21
סליק ציבעד	4	מימר מרקה V:21
והוא סליק ציבעד	4	מימר מרקה V:21
חסלה הנ	4	מימר מרקה V:4
וצפה אל	4	מימר מרקה V:16
אמרת וכרזת	4	מימר מרקה V:3
ואמרת אה נביה	4	מימר מרקה VI:35
לא הוה לי	4	מימר מרקה VI:35
חכמה ולידה	4	מימר מרקה VI:6
בריש קציה	4	מימר מרקה VI:53
מה קעמת עמכ	4	מימר מרקה VI:43
ועמונה קעמ	4	מימר מרקה VI:25
כד שבקו	4	מימר מרקה VI:7
אה משה	3	מימר מרקה I:35
דאנה בעי	3	מימר מרקה I:35
מנ רב	3	מימר מרקה I:35
וכל עבדיו	3	מימר מרקה I:35
מנה כי	3	מימר מרקה I:35
עמי בה	3	מימר מרקה I:35
מנ רזי	3	מימר מרקה I:35
אמר לאהרנ	3	מימר מרקה I:35
סב אטרה	3	מימר מרקה I:35
עביד לה	3	מימר מרקה I:35
קעמו תריונ	3	מימר מרקה I:35
יתונ תריה	3	מימר מרקה I:35
תשלח ישראל	3	מימר מרקה I:35
על תרחה	3	מימר מרקה I:35
ואנונ בעינ	3	מימר מרקה I:35
מה הוה	3	מימר מרקה I:13
מה יהי	3	מימר מרקה I:13
מעלמ עליו	3	מימר מרקה I:13
בדיל כנ	3	מימר מרקה I:13
רוח אריכה	3	מימר מרקה I:13
בה רוח אריכה	3	מימר מרקה I:13
ואמרו לה	3	מימר מרקה I:70
מנונ כל	3	מימר מרקה I:70
שעילה דהות	3	מימר מרקה I:70
דהות מרירה	3	מימר מרקה I:70
מרירה עד	3	מימר מרקה I:70
חוב לא	3	מימר מרקה I:70
וטובה וחסדה	3	מימר מרקה I:70
וחסדה מסמכינ	3	מימר מרקה I:70
מסמכינ לונ	3	מימר מרקה I:70
לונ תמנ	3	מימר מרקה I:70
כוכביו דאברהמ	3	מימר מרקה I:70
גוזליה דשרה	3	מימר מרקה I:70
ובני ישראל	3	מימר מרקה I:70
רבותונ ביני	3	מימר מרקה I:70
כל בוראי	3	מימר מרקה I:70
שגר ית עמה	3	מימר מרקה I:70
שעילה דהות מרירה	3	מימר מרקה I:70
דהות מרירה עד	3	מימר מרקה I:70
מרירה עד מותר	3	מימר מרקה I:70
וטובה וחסדה מסמכינ	3	מימר מרקה I:70
וחסדה מסמכינ לונ	3	מימר מרקה I:70
רבותונ ביני כל	3	מימר מרקה I:70
ביני כל בוראי	3	מימר מרקה I:70
כל בוראי עלמה	3	מימר מרקה I:70
קעומ על	3	מימר מרקה I:47
מנ קשטה	3	מימר מרקה I:47
יה שלח	3	מימר מרקה I:47
מחי אתה	3	מימר מרקה I:47
אמר יה שלח	3	מימר מרקה I:47
יה שלח ית	3	מימר מרקה I:47
מה עבדו	3	מימר מרקה I:6
אכהנ אמר	3	מימר מרקה I:39
ישראל כמה	3	מימר מרקה I:39
ענה ואמר	3	מימר מרקה I:39
כדו מנ	3	מימר מרקה I:39
עד תהי	3	מימר מרקה I:39
ישראל כמה דאמר	3	מימר מרקה I:39
מנ מרה דכל	3	מימר מרקה I:39
מה אתה	3	מימר מרקה I:12a
ימה הכ	3	מימר מרקה I:12a
אמר מנ	3	מימר מרקה I:12a
לקבל אלינ	3	מימר מרקה I:12a
משה הכ אמר	3	מימר מרקה I:12a
לקבל אלינ מליה	3	מימר מרקה I:12a
הוה לבה	3	מימר מרקה I:56
דהוה לבה	3	מימר מרקה I:56
לבה מתקפ	3	מימר מרקה I:56
שחינ פרח	3	מימר מרקה I:56
רב ביני	3	מימר מרקה I:56
ודינה ראמ	3	מימר מרקה I:56
ראמ עליו	3	מימר מרקה I:56
ודינה ראמ עליו	3	מימר מרקה I:56
ראמ עליו ולא	3	מימר מרקה I:56
נביה מנ	3	מימר מרקה I:75
כליל מנ	3	מימר מרקה I:75
בעל צפונ	3	מימר מרקה I:76
אתו ליד	3	מימר מרקה I:76
ידע אנה כי	3	מימר מרקה I:76
הוה יכל	3	מימר מרקה I:40
עמה פרעה	3	מימר מרקה I:45
ולאהרנ ואמר	3	מימר מרקה I:45
מצדי מנה	3	מימר מרקה I:45
למשה ולאהרנ ואמר	3	מימר מרקה I:45
נאר מניר	3	מימר מרקה I:59
שלח עמה	3	מימר מרקה I:59
בערימו רבה	3	מימר מרקה I:59
משה לית	3	מימר מרקה I:59
לית בננ	3	מימר מרקה I:59
דאננ בעינ	3	מימר מרקה I:59
בעינ נקרב	3	מימר מרקה I:59
עננה ברבו	3	מימר מרקה I:59
אמר לה משה	3	מימר מרקה I:59
עננה ברבו רבה	3	מימר מרקה I:59
ועבדו כמד	3	מימר מרקה I:53
ולית בנ	3	מימר מרקה I:53
ועבדו כמד פקד	3	מימר מרקה I:53
שעה חדה	3	מימר מרקה I:68
וקטל כל	3	מימר מרקה I:68
כל בכור	3	מימר מרקה I:68
ביתה ליליה	3	מימר מרקה I:68
עמו יתה	3	מימר מרקה I:68
לגו ארע מצרימ	3	מימר מרקה I:68
כד עמו יתה	3	מימר מרקה I:68
אתה עביד	3	מימר מרקה I:9
לית אנש	3	מימר מרקה I:9
נסטי מנ	3	מימר מרקה I:26
נצח עמה	3	מימר מרקה I:26
לא ידחל	3	מימר מרקה I:26
סימני בדיל	3	מימר מרקה I:26
לשנ אנה	3	מימר מרקה I:26
הו יהי	3	מימר מרקה I:26
ולא נסטי מנ	3	מימר מרקה I:26
ובתר כנ אמר	3	מימר מרקה I:26
עמי כדו	3	מימר מרקה I:19
ני אדכ	3	מימר מרקה I:19
והו לא	3	מימר מרקה I:19
מנ חיל	3	מימר מרקה I:19
חיול מנה	3	מימר מרקה I:19
עביד בה	3	מימר מרקה I:19
שמע מנ מרה	3	מימר מרקה I:19
מנ חיל דחלתה	3	מימר מרקה I:19
תדחל מנה	3	מימר מרקה I:43
לא תדחל מנה	3	מימר מרקה I:43
אלא אנה	3	מימר מרקה I:22
אנה יהוה	3	מימר מרקה I:22
עבדי מנ	3	מימר מרקה I:22
הדה מימרה	3	מימר מרקה I:22
תרי מאוריה	3	מימר מרקה I:22
רב וקשי	3	מימר מרקה I:69
משה אלינ	3	מימר מרקה I:21
אנה אה	3	מימר מרקה I:21
אה מרה	3	מימר מרקה I:21
משה אלינ מליה	3	מימר מרקה I:21
אה מרה דעלמה	3	מימר מרקה I:21
לבכ נביי	3	מימר מרקה I:18
אברהמ ויצחק	3	מימר מרקה I:18
ויצחק ויעקב	3	מימר מרקה I:18
אה נביי	3	מימר מרקה I:18
רבה משה ואמר	3	מימר מרקה I:18
אברהמ ויצחק ויעקב	3	מימר מרקה I:18
בטור האלהימ	3	מימר מרקה I:27
שמשה וזהרה	3	מימר מרקה I:27
רבה כי	3	מימר מרקה I:27
ועבדת לה	3	מימר מרקה I:4
לה תלתה	3	מימר מרקה I:4
יתכ אפ	3	מימר מרקה I:4
לי כדו	3	מימר מרקה I:4
בתשניק רב	3	מימר מרקה I:4
טביה דגעזו	3	מימר מרקה I:4
ואמרו לונ	3	מימר מרקה I:37
ליד מלכה	3	מימר מרקה I:37
בשלמ אה	3	מימר מרקה I:37
אמר תמנ	3	מימר מרקה I:17
תמח חיול	3	מימר מרקה I:17
ולית בי	3	מימר מרקה I:17
בי משומנה	3	מימר מרקה I:17
קעמ לקבלה	3	מימר מרקה I:17
תריונ כחדה	3	מימר מרקה I:55
ולא לאוי	3	מימר מרקה I:55
אימנו באלה	3	מימר מרקה I:55
מנ אנש	3	מימר מרקה I:55
אנש סעד	3	מימר מרקה I:55
הכ ארפו	3	מימר מרקה I:55
לגו לבה	3	מימר מרקה I:55
ומנ רב	3	מימר מרקה I:55
אהנ קלה	3	מימר מרקה I:55
עמה וידבחונ	3	מימר מרקה I:55
ולא שלח	3	מימר מרקה I:55
רבה והות	3	מימר מרקה I:55
מרה וקבל	3	מימר מרקה I:55
משה בתר	3	מימר מרקה I:55
בתר כל	3	מימר מרקה I:55
אהנ דינה	3	מימר מרקה I:55
מליה על	3	מימר מרקה I:55
אמר יהוה	3	מימר מרקה I:55
אהנ ירחה	3	מימר מרקה I:55
על ברי	3	מימר מרקה I:55
דו קדמ	3	מימר מרקה I:55
ברכת יעקב	3	מימר מרקה I:55
יעקב בה	3	מימר מרקה I:55
מנ אנש סעד	3	מימר מרקה I:55
ית עמה וידבחונ	3	מימר מרקה I:55
ולא שלח ית	3	מימר מרקה I:55
שלח ית עמה	3	מימר מרקה I:55
על כל ארע	3	מימר מרקה I:55
בתר כל אלינ	3	מימר מרקה I:55
הוה כותה ולא	3	מימר מרקה I:55
כותה ולא יהי	3	מימר מרקה I:55
שגר ית עמי	3	מימר מרקה I:55
על ממללה ולא	3	מימר מרקה I:55
ממללה ולא שמע	3	מימר מרקה I:55
על בני	3	מימר מרקה I:50
וישמשני ואמ	3	מימר מרקה I:50
תקפ לבה	3	מימר מרקה I:50
עמי וישמשני ואמ	3	מימר מרקה I:50
וישמשני ואמ מחי	3	מימר מרקה I:50
נביות משה	3	מימר מרקה I:16a
יהוה אלהימ	3	מימר מרקה I:16a
קשטה כתב	3	מימר מרקה I:16a
כהלה ברכה	3	מימר מרקה I:16a
אמרו דנ	3	מימר מרקה I:73
ליד משה	3	מימר מרקה I:73
קריב הוא	3	מימר מרקה I:73
כל שבט	3	מימר מרקה I:73
ית יצחק	3	מימר מרקה I:25
אל בית	3	מימר מרקה I:25
לטור סיני	3	מימר מרקה I:25
קמי מרה	3	מימר מרקה I:25
אל בית אל	3	מימר מרקה I:25
כלומ והנ	3	מימר מרקה I:15
עסרה זבנימ	3	מימר מרקה I:78
הכ דהוו	3	מימר מרקה I:78
עסרה זבנינ	3	מימר מרקה I:78
לאלה אלהיה	3	מימר מרקה I:78
ברוכ אלהינו	3	מימר מרקה I:78
אלהינו לעולמ	3	מימר מרקה I:78
לעולמ וברוכ	3	מימר מרקה I:78
וברוכ שמו	3	מימר מרקה I:78
ברוכ אלהינו לעולמ	3	מימר מרקה I:78
אלהינו לעולמ וברוכ	3	מימר מרקה I:78
לעולמ וברוכ שמו	3	מימר מרקה I:78
וברוכ שמו לעולמ	3	מימר מרקה I:78
לא יתחזי	3	מימר מרקה I:13a
לונ עד	3	מימר מרקה I:13a
כבודה רבה	3	מימר מרקה I:13a
עמ ישראל	3	מימר מרקה I:13a
ממלל מרבי	3	מימר מרקה I:13a
כדו עתיד	3	מימר מרקה I:13a
כל יומ	3	מימר מרקה I:33
יתעקר דכרנה	3	מימר מרקה I:33
האנה גלי	3	מימר מרקה I:33
עלמה בדיל	3	מימר מרקה I:33
גלית לכ	3	מימר מרקה I:33
ואמר יהוה אל	3	מימר מרקה I:33
האנה גלי לכ	3	מימר מרקה I:33
וזעק משה	3	מימר מרקה I:67
משה לכל	3	מימר מרקה I:67
חכימי ישראל	3	מימר מרקה I:67
הכ דאמיר	3	מימר מרקה I:67
מנ אדמה	3	מימר מרקה I:67
וזעק משה לכל	3	מימר מרקה I:67
כד עמה	3	מימר מרקה I:20
גרמה מנ	3	מימר מרקה I:20
ושבח למרה	3	מימר מרקה I:20
למרה דעלמה	3	מימר מרקה I:20
בכל עובדיכ	3	מימר מרקה I:20
ליתה מתחלפה	3	מימר מרקה I:17a
בה נביה	3	מימר מרקה I:17a
דבה אמטה	3	מימר מרקה I:17a
שמעו מה	3	מימר מרקה I:41
לא ימינ	3	מימר מרקה I:41
ימינ ולא	3	מימר מרקה I:41
ולא שמאל	3	מימר מרקה I:41
גנו עלי	3	מימר מרקה I:41
מנ שמע	3	מימר מרקה I:41
ולא ידע	3	מימר מרקה I:41
לא ימינ ולא	3	מימר מרקה I:41
ימינ ולא שמאל	3	מימר מרקה I:41
אמת דו	3	מימר מרקה I:8
הכ יהי	3	מימר מרקה I:10a
לגו ימה	3	מימר מרקה I:10a
וית בנ	3	מימר מרקה I:23
קהלה לא	3	מימר מרקה I:31
רבה עד	3	מימר מרקה I:31
רבה עד מותר	3	מימר מרקה I:31
עלל משה	3	מימר מרקה I:77
משה מנ מרה	3	מימר מרקה I:77
לה משה עלל	3	מימר מרקה I:77
עלל מלאכיה	3	מימר מרקה I:77
כמשה לא	3	מימר מרקה I:77
בכסי אה	3	מימר מרקה I:48
הוא מעזר	3	מימר מרקה I:48
אננ בעינ	3	מימר מרקה I:48
דיאנה קשיטה	3	מימר מרקה I:48
אל משה אמר	3	מימר מרקה I:48
משה אמר אל	3	מימר מרקה I:48
אמר אל אהרנ	3	מימר מרקה I:48
אננ בעינ מנכ	3	מימר מרקה I:48
בשלמ אמר לונ	3	מימר מרקה I:48
עמ אברהמ	3	מימר מרקה I:12
כנש ית	3	מימר מרקה I:12
מנ משה	3	מימר מרקה I:28
פתח אוצר	3	מימר מרקה I:28
מנ שרוי	3	מימר מרקה I:11a
ולא שמעו	3	מימר מרקה I:11a
בה על	3	מימר מרקה I:11a
לנ כל	3	מימר מרקה I:42
עמ פרעה	3	מימר מרקה I:14a
ימה ברבו	3	מימר מרקה I:14a
מלה חדה	3	מימר מרקה I:30
פרעה כד	3	מימר מרקה I:30
לא שמעת	3	מימר מרקה I:30
לונ על	3	מימר מרקה I:72
לגו אהנ	3	מימר מרקה I:62
דגלה לה	3	מימר מרקה I:29
כד עלל	3	מימר מרקה I:15a
יתר על כל	3	מימר מרקה I:15a
מרה כל	3	מימר מרקה I:16
ישתבח אמורה	3	מימר מרקה I:16
מנ מרה כל	3	מימר מרקה I:16
אתא משה	3	מימר מרקה I:46
עמי כי	3	מימר מרקה I:46
מעמי נביה	3	מימר מרקה I:9a
ואלה זכי	3	מימר מרקה I:9a
מעמי נביה רבה	3	מימר מרקה I:9a
בזבנ דאמר	3	מימר מרקה I:3
רישה דטור	3	מימר מרקה I:3
דטור סיני	3	מימר מרקה I:3
מנ על	3	מימר מרקה I:3
על רישה דטור	3	מימר מרקה I:3
מנה עד	3	מימר מרקה I:54
ויהי אדמה	3	מימר מרקה I:66
אדמה לוכונ	3	מימר מרקה I:66
לוכונ סימנ	3	מימר מרקה I:66
סימנ על	3	מימר מרקה I:66
על בתיה	3	מימר מרקה I:66
ליתו מקבל	3	מימר מרקה I:66
ויהי אדמה לוכונ	3	מימר מרקה I:66
אדמה לוכונ סימנ	3	מימר מרקה I:66
לוכונ סימנ על	3	מימר מרקה I:66
סימנ על בתיה	3	מימר מרקה I:66
פתח פמה	3	מימר מרקה I:44
כהלונ כעטפ	3	מימר מרקה I:44
ומלל עמה	3	מימר מרקה I:2
ועבדו מה	3	מימר מרקה I:2
כנ הוה	3	מימר מרקה I:2
וקבל לוחיה	3	מימר מרקה II:1b
עזי וזמרתי	3	מימר מרקה II:20
ויהי לי	3	מימר מרקה II:20
לה ולישראל	3	מימר מרקה II:20
מנ אבהנ	3	מימר מרקה II:47
ורתאי מיטב	3	מימר מרקה II:47
רחמנ ורתאי מיטב	3	מימר מרקה II:47
משה בכל	3	מימר מרקה II:6
בכל ארצ	3	מימר מרקה II:6
וישמ את	3	מימר מרקה II:6
הימ לחרבה	3	מימר מרקה II:6
וישמ את הימ	3	מימר מרקה II:6
את הימ לחרבה	3	מימר מרקה II:6
הגדלות לכ יה	3	מימר מרקה II:6
ארבעה עשר	3	מימר מרקה II:8
אשר על	3	מימר מרקה II:8
על ידו	3	מימר מרקה II:8
כל צבאות	3	מימר מרקה II:8
עשרה מופתימ	3	מימר מרקה II:8
מנ מימיו	3	מימר מרקה II:8
האלהימ הרביעי	3	מימר מרקה II:8
בינ אהבימ	3	מימר מרקה II:8
אהבימ ובינ	3	מימר מרקה II:8
מנ אש	3	מימר מרקה II:8
ולא יהיה	3	מימר מרקה II:8
בה בשלמ	3	מימר מרקה II:8
מכל האלהימ הרביעי	3	מימר מרקה II:8
בינ אהבימ ובינ	3	מימר מרקה II:8
שמעו אהנ	3	מימר מרקה II:39
אתחידו כי	3	מימר מרקה II:39
לקבל מה	3	מימר מרקה II:39
ישתבח נהירה	3	מימר מרקה II:39
שמעו אהנ ממללה	3	מימר מרקה II:39
על דמות	3	מימר מרקה II:1a
כי שמ	3	מימר מרקה II:1a
לא יקומ עד	3	מימר מרקה II:1a
יקומ עד אחד	3	מימר מרקה II:1a
יהוה הגדול	3	מימר מרקה II:7
על שפת	3	מימר מרקה II:7
אז ישר	3	מימר מרקה II:7
ובמשה עבדו	3	מימר מרקה II:7
על שפת הימ	3	מימר מרקה II:7
ביהוה ובמשה עבדו	3	מימר מרקה II:7
מכונ לשבתכ	3	מימר מרקה II:48
אלא בה	3	מימר מרקה II:48
אלא בה לא	3	מימר מרקה II:48
דבבי אלה	3	מימר מרקה II:5
מה רבה	3	מימר מרקה II:40
במה עבד	3	מימר מרקה II:40
בה יקר	3	מימר מרקה II:40
משה אי	3	מימר מרקה II:40
מד שמע	3	מימר מרקה II:40
למשה נביה	3	מימר מרקה II:40
קעמ כותה	3	מימר מרקה II:40
שלומ יהוה	3	מימר מרקה II:40
לגו הדה	3	מימר מרקה II:40
מנ האדמה	3	מימר מרקה II:40
מנ עפרה	3	מימר מרקה II:40
בוראיה וכל	3	מימר מרקה II:40
לגוה נמי	3	מימר מרקה II:40
כל דמע	3	מימר מרקה II:40
מכנ לא	3	מימר מרקה II:40
טבה דמע	3	מימר מרקה II:40
נצובה וכנ	3	מימר מרקה II:40
וכנ יעקב	3	מימר מרקה II:40
מד מרנ	3	מימר מרקה II:40
כי אמ	3	מימר מרקה II:40
ויברכ אלהימ	3	מימר מרקה II:40
מדמי למשה נביה	3	מימר מרקה II:40
קעמ כותה ולא	3	מימר מרקה II:40
שלומ יהוה עליו	3	מימר מרקה II:40
אל הרגריזימ	3	מימר מרקה II:19
עמ בני	3	מימר מרקה II:19
עשה פליה	3	מימר מרקה II:38
בה נמי	3	מימר מרקה II:38
ישראל את	3	מימר מרקה II:38
וכאשר ראו	3	מימר מרקה II:38
מה הנאה	3	מימר מרקה II:49
הנאה בה	3	מימר מרקה II:49
יד יהוה	3	מימר מרקה II:49
וילנ במה	3	מימר מרקה II:49
איקרה דבה	3	מימר מרקה II:49
ולא כהנ	3	מימר מרקה II:49
מה דאלפנ	3	מימר מרקה II:49
מה הנאה בה	3	מימר מרקה II:49
בני עבדיו	3	מימר מרקה II:51
כנשר יעיר	3	מימר מרקה II:51
יעיר קנו	3	מימר מרקה II:51
ועל גוזליו	3	מימר מרקה II:51
ומשה בנ	3	מימר מרקה II:51
ישראל הנ	3	מימר מרקה II:51
כנשר יעיר קנו	3	מימר מרקה II:51
אשר עשה	3	מימר מרקה II:18
אל הר	3	מימר מרקה II:4
שבטי רחותה	3	מימר מרקה II:4
אמר משה נביה	3	מימר מרקה II:37
לאנש דיהי	3	מימר מרקה II:50
לא נבטל	3	מימר מרקה II:50
מנ יומ	3	מימר מרקה II:50
מנ ימי	3	מימר מרקה II:50
עו ועוד	3	מימר מרקה II:50
עולמ ועד	3	מימר מרקה II:50
ימ עו ועוד	3	מימר מרקה II:50
ימלכ עולמ ועד	3	מימר מרקה II:50
קרא קשטה	3	מימר מרקה II:46
לא אמר	3	מימר מרקה II:46
אלו הות	3	מימר מרקה II:46
הוה ישראל	3	מימר מרקה II:46
כד קרא קשטה	3	מימר מרקה II:46
אלהי אבי	3	מימר מרקה II:34
עמו כל	3	מימר מרקה III:13
דאמר בדילה	3	מימר מרקה III:13
יהושע וכלב	3	מימר מרקה III:13
ונזע מנ גבורתה	3	מימר מרקה III:13
כי גדלה	3	מימר מרקה III:70
נעזר אל	3	מימר מרקה III:71
עובד לא	3	מימר מרקה III:71
לא נפק	3	מימר מרקה III:47
נדע בה	3	מימר מרקה III:47
מנ מחכומה	3	מימר מרקה III:47
גרמכ מנ	3	מימר מרקה III:47
ונשתעבד קדמ	3	מימר מרקה III:47
ונרכנ קדמ	3	מימר מרקה III:47
קדמ גבורתה	3	מימר מרקה III:47
ושמע ישראל	3	מימר מרקה III:6
ולא תעבד	3	מימר מרקה III:6
רחיק מנ	3	מימר מרקה III:6
עבד עמכ	3	מימר מרקה III:6
מד אתה	3	מימר מרקה III:6
אהרנ כהנה	3	מימר מרקה III:39
ישתמע קלה	3	מימר מרקה III:39
יתרבי אמורה	3	מימר מרקה III:39
לה מד	3	מימר מרקה III:39
ליהוה אלהיכ	3	מימר מרקה III:39
מנ לבה	3	מימר מרקה III:39
קדש ליהוה אלהיכ	3	מימר מרקה III:39
תבקר על	3	מימר מרקה III:56
ולזרעה בתרה	3	מימר מרקה III:56
על מד לה	3	מימר מרקה III:56
לית בה חסרנ	3	מימר מרקה III:56
אזהר מנ	3	מימר מרקה III:72a
לא יעבד	3	מימר מרקה III:75
עובד מכעס	3	מימר מרקה III:75
בלש יתה	3	מימר מרקה III:76
בלב אדכי	3	מימר מרקה III:76
לא ישמע	3	מימר מרקה III:76
הלא לא	3	מימר מרקה III:76
שומיה בדיל	3	מימר מרקה III:40
כל גוי	3	מימר מרקה III:40
אנה אמר	3	מימר מרקה III:45
אב בלכ	3	מימר מרקה III:59
לא תרבי	3	מימר מרקה III:59
אלינ לא	3	מימר מרקה III:59
על מהו	3	מימר מרקה III:59
ולא תעבר	3	מימר מרקה III:59
רבה ולא	3	מימר מרקה III:59
אב בלכ לא	3	מימר מרקה III:59
אמדינה כהלה	3	מימר מרקה III:68
גדלה אמר	3	מימר מרקה III:68
אלה אמר	3	מימר מרקה III:68
מבקר על	3	מימר מרקה III:68
כל חדה מנונ	3	מימר מרקה III:68
רבה למה	3	מימר מרקה III:9
בעלמה כד	3	מימר מרקה III:9
לא אתמר	3	מימר מרקה III:26
ודע הנ	3	מימר מרקה III:19
יסק אל	3	מימר מרקה III:19
גרמכ מנכ	3	מימר מרקה III:43
מנכ ובכ	3	מימר מרקה III:43
לא תשבק	3	מימר מרקה III:43
בפמה דאלה	3	מימר מרקה III:43
בתרי עלמיה	3	מימר מרקה III:43
ונסגד קדמ	3	מימר מרקה III:43
גרמכ מנכ ובכ	3	מימר מרקה III:43
לאוי לכ תהי	3	מימר מרקה III:43
ושבח למרכ	3	מימר מרקה III:22
במיעל כל	3	מימר מרקה III:22
הכ היא	3	מימר מרקה III:22
והפכ ואמר	3	מימר מרקה III:22
כל מנ	3	מימר מרקה III:22
ראשי שבטיה	3	מימר מרקה III:22
במיעל כל ישראל	3	מימר מרקה III:22
עמי יתונ	3	מימר מרקה III:69
בכל עובד	3	מימר מרקה III:69
עובד גדיל	3	מימר מרקה III:69
אה עובד	3	מימר מרקה III:69
יתעבד לעלמ	3	מימר מרקה III:69
לא יתעבד לעלמ	3	מימר מרקה III:69
יזדמנ עמכ	3	מימר מרקה III:21
לאלהי נכר	3	מימר מרקה III:21
בנימ דזנו	3	מימר מרקה III:72b
דו מרנ	3	מימר מרקה III:72b
מנ תשבחתה	3	מימר מרקה III:72b
מלה מנ אלינ	3	מימר מרקה III:72b
לה בדיל	3	מימר מרקה III:18
אמר בדילה	3	מימר מרקה III:18
ארעה דו	3	מימר מרקה III:18
מד יתעבד	3	מימר מרקה III:27
דלית בה	3	מימר מרקה III:27
ולא תסטי	3	מימר מרקה III:4
מלי ברכתה	3	מימר מרקה III:4
למשה אישה	3	מימר מרקה III:4
אמר אכה	3	מימר מרקה III:4
כל שבטיה	3	מימר מרקה III:4
ולא אמר	3	מימר מרקה III:4
ומלל משה	3	מימר מרקה III:4
בכל דר	3	מימר מרקה III:4
ולא תסטי מנה	3	מימר מרקה III:4
על ברכתה	3	מימר מרקה III:17
איכ היא	3	מימר מרקה III:17
הוה בר	3	מימר מרקה III:17
עובד קינ	3	מימר מרקה III:17
אנית בעי	3	מימר מרקה III:55
מד לונ	3	מימר מרקה III:55
ושמור נפשכ	3	מימר מרקה III:50
מנכ הנ	3	מימר מרקה III:50
דאמרה אלה	3	מימר מרקה III:73
עיניה ולא	3	מימר מרקה III:73
דאננ בני	3	מימר מרקה III:73
דאננ בני טבימ	3	מימר מרקה III:73
בה מרנ	3	מימר מרקה III:25
בשמ יה	3	מימר מרקה III:25
משה משרי	3	מימר מרקה III:25
בדיל מד	3	מימר מרקה III:15
לה קשטה	3	מימר מרקה III:15
חלקינ תרינ	3	מימר מרקה III:15
והנ ליתו	3	מימר מרקה III:63
מנ משמע	3	מימר מרקה III:63
זכי מנה	3	מימר מרקה III:63
עד לא יהי	3	מימר מרקה III:63
אהנ מחכומה	3	מימר מרקה III:33
דבחר יתה	3	מימר מרקה III:33
וגוי קדש	3	מימר מרקה III:1b
לא אתמרת	3	מימר מרקה III:1b
אל יה	3	מימר מרקה III:1b
כי אלה	3	מימר מרקה III:20
לונ מד	3	מימר מרקה III:65
מנ שבילה	3	מימר מרקה III:65
אנש יהי	3	מימר מרקה III:65
עורי כד	3	מימר מרקה III:8
מנה אה	3	מימר מרקה III:8
יה אלהיכ	3	מימר מרקה III:8
לפמ עמלה	3	מימר מרקה III:8
יתרבי יכולה	3	מימר מרקה III:8
יכולה הממנ	3	מימר מרקה III:8
כל דריה	3	מימר מרקה III:8
ולית לה	3	מימר מרקה III:8
יתרבי יכולה הממנ	3	מימר מרקה III:8
אתרה טבה	3	מימר מרקה III:14
ירבי יתונ	3	מימר מרקה III:14
אה רבו	3	מימר מרקה III:1a
אנש מכל	3	מימר מרקה III:1a
עליו דו	3	מימר מרקה III:1a
הוה לה	3	מימר מרקה III:1a
הוה בה	3	מימר מרקה III:1a
וכל מד	3	מימר מרקה III:1a
ממנ על	3	מימר מרקה III:1a
קדמ גדלה	3	מימר מרקה III:1a
כל בני אדמ	3	מימר מרקה III:1a
דנ נביה רבה	3	מימר מרקה III:1a
ולית עמה אל	3	מימר מרקה III:1a
כיצובה מנוכונ	3	מימר מרקה III:23
לא תשבקנה	3	מימר מרקה III:67a
באהנ איקרה	3	מימר מרקה III:67a
נביא בישראל	3	מימר מרקה III:67a
בישראל כמשה	3	מימר מרקה III:67a
עוד נביא בישראל	3	מימר מרקה III:67a
נביא בישראל כמשה	3	מימר מרקה III:67a
אחס על	3	מימר מרקה III:7
והיא מלת	3	מימר מרקה III:7
ולא אתמר	3	מימר מרקה III:7
ייתי בשלמ	3	מימר מרקה III:7
האנ נביא כמשה	3	מימר מרקה III:7
צמתת הדה	3	מימר מרקה III:48
מה דאתעבד	3	מימר מרקה III:48
אמרת אנה	3	מימר מרקה III:48
קינ כד	3	מימר מרקה III:48
צמתת הדה מלתה	3	מימר מרקה III:48
אהנ אתעבד	3	מימר מרקה III:5
אמ שמע	3	מימר מרקה III:5
ספר טב	3	מימר מרקה III:5
יזיפ ומוזפ	3	מימר מרקה III:74
דנביה רבה	3	מימר מרקה III:32
דנביה רבה משה	3	מימר מרקה III:32
וכל אנש	3	מימר מרקה III:12
יתה הכ	3	מימר מרקה III:58
בישה לא	3	מימר מרקה III:60
יתה אתרה	3	מימר מרקה III:60
עובדה דעבד	3	מימר מרקה III:60
מנ יתה אתרה	3	מימר מרקה III:60
אחד מנ אלינ	3	מימר מרקה III:60
מד לאוי	3	מימר מרקה III:38
מנ נטר	3	מימר מרקה III:38
ושכבתמ ואינ	3	מימר מרקה III:38
ואינ מחריד	3	מימר מרקה III:38
הכ מד לאוי	3	מימר מרקה III:38
ושכבתמ ואינ מחריד	3	מימר מרקה III:38
ידע מהו	3	מימר מרקה III:64
לא לאוי	3	מימר מרקה III:64
אלה הנ	3	מימר מרקה III:64
הנ תהי	3	מימר מרקה III:42
מכל הדה	3	מימר מרקה III:67b
עלמה ולא	3	מימר מרקה III:67b
לא אתוקר	3	מימר מרקה III:11
בעשרה עובדימ	3	מימר מרקה III:11
ליד אתרה	3	מימר מרקה III:11
באתר לא	3	מימר מרקה III:11
דבב דלונ	3	מימר מרקה III:11
אה איקר רב	3	מימר מרקה III:11
כל דבב דלונ	3	מימר מרקה III:11
והיה אמ	3	מימר מרקה III:30
מכנ אמר אלה	3	מימר מרקה III:30
קעמת על	3	מימר מרקה III:57
כל תמח	3	מימר מרקה III:57
באימנו רבה	3	מימר מרקה III:57
מנ אלהותה	3	מימר מרקה III:51
מנו דיכל	3	מימר מרקה III:51
ובה לא	3	מימר מרקה III:10
לה כל איקר	3	מימר מרקה III:10
הוה כנ	3	מימר מרקה III:62
כנ לית	3	מימר מרקה III:62
שמעונ ולוי	3	מימר מרקה III:16
דר ודר	3	מימר מרקה III:46
בדילה לא	3	מימר מרקה III:36
מזדכי מנה	3	מימר מרקה III:61
בדיל עובד	3	מימר מרקה III:3
ועבד עובד	3	מימר מרקה III:34
כנ הו	3	מימר מרקה III:34
כד זעק	3	מימר מרקה III:34
אתמר לה	3	מימר מרקה III:34
עבדת מנ	3	מימר מרקה III:54
נטר מד	3	מימר מרקה III:54
יפק מנה	3	מימר מרקה III:54
דאתמר לה	3	מימר מרקה III:44
קרח כד	3	מימר מרקה III:44
קשטה לית	3	מימר מרקה III:2
ולא נהי	3	מימר מרקה III:2
וגלה לה	3	מימר מרקה III:2
מלתה תלתיתה	3	מימר מרקה IV:84
דאמר יתה	3	מימר מרקה IV:84
עלמ יהי	3	מימר מרקה IV:84
בלא עזר	3	מימר מרקה IV:84
יהוה עמו	3	מימר מרקה IV:80
משה על	3	מימר מרקה IV:6
רב הוא נביה	3	מימר מרקה IV:6
אלה בדיל	3	מימר מרקה IV:39
עסרה מלימ	3	מימר מרקה IV:56
וירא יהוה	3	מימר מרקה IV:56
אלה רחמנה	3	מימר מרקה IV:75
נאר מנ	3	מימר מרקה IV:75
לה אתר	3	מימר מרקה IV:53
דלית לה	3	מימר מרקה IV:53
לה חלק	3	מימר מרקה IV:53
על דמו	3	מימר מרקה IV:53
ביש מנ	3	מימר מרקה IV:68
מלה רבה	3	מימר מרקה IV:68
נביא צדיק	3	מימר מרקה IV:68
מכל בניו	3	מימר מרקה IV:68
בניו דאדמ	3	מימר מרקה IV:68
כד לא הוה	3	מימר מרקה IV:68
רחמנ ולית חורי	3	מימר מרקה IV:68
מכל בניו דאדמ	3	מימר מרקה IV:68
אלה ולא	3	מימר מרקה IV:85
שמעינ ודחלינ	3	מימר מרקה IV:85
עבדה דאלה	3	מימר מרקה IV:43
שמע קל	3	מימר מרקה IV:43
משה צעמ	3	מימר מרקה IV:43
קבל לוחיה	3	מימר מרקה IV:43
ואתחזי לה	3	מימר מרקה IV:43
והוה מלוא בכנ	3	מימר מרקה IV:43
שמע קל מרה	3	מימר מרקה IV:43
אל גדול	3	מימר מרקה IV:22
גדול עשה	3	מימר מרקה IV:22
דמשה דגלה	3	מימר מרקה IV:22
מד אלינ	3	מימר מרקה IV:22
אל גדול עשה	3	מימר מרקה IV:22
מדעה דמשה דגלה	3	מימר מרקה IV:22
ועל עבדיו	3	מימר מרקה IV:103
עבדיו יתנחמ	3	מימר מרקה IV:103
בה ידור	3	מימר מרקה IV:103
עתה כי	3	מימר מרקה IV:103
ועל עבדיו יתנחמ	3	מימר מרקה IV:103
ראו עתה כי	3	מימר מרקה IV:103
עתה כי אני	3	מימר מרקה IV:103
כי אני אני	3	מימר מרקה IV:103
אברהמ ומשה	3	מימר מרקה IV:108
ואינ אלהימ	3	מימר מרקה IV:108
אלהימ עמדי	3	מימר מרקה IV:108
ואינ אלהימ עמדי	3	מימר מרקה IV:108
ארבעה עקרימ	3	מימר מרקה IV:17
יהוה מכנ	3	מימר מרקה IV:17
מנ ארבעה עקרימ	3	מימר מרקה IV:17
על אהנ דברה	3	מימר מרקה IV:17
שרה בה	3	מימר מרקה IV:50
בני בכורי	3	מימר מרקה IV:50
רבה משה הדה	3	מימר מרקה IV:50
על אדה	3	מימר מרקה IV:102
ארבעימ יומ	3	מימר מרקה IV:102
תרי לוחי	3	מימר מרקה IV:102
משה לא קעמ	3	מימר מרקה IV:102
כד קטל	3	מימר מרקה IV:86
זמרי זנאה	3	מימר מרקה IV:86
והבו גדל	3	מימר מרקה IV:15
גדל לאלהינו	3	מימר מרקה IV:15
בראשית ומה	3	מימר מרקה IV:15
ושמה דלבשה	3	מימר מרקה IV:15
מנ ממלל	3	מימר מרקה IV:15
כד אזדמנו	3	מימר מרקה IV:15
קצירנ אה	3	מימר מרקה IV:15
מנ דבה	3	מימר מרקה IV:15
מנה לקנומה	3	מימר מרקה IV:15
והבו גדל לאלהינו	3	מימר מרקה IV:15
ובה הגדל	3	מימר מרקה IV:15
ומד אסחנת	3	מימר מרקה IV:15
לה מנ לה	3	מימר מרקה IV:15
כד חסל מנ	3	מימר מרקה IV:15
יתרבי נביה	3	מימר מרקה IV:78
משה איש	3	מימר מרקה IV:78
אני יהוה	3	מימר מרקה IV:78
ואלה אמר	3	מימר מרקה IV:63
האנ דאנונ	3	מימר מרקה IV:63
עמר אתר	3	מימר מרקה IV:67
נביא מהימנ	3	מימר מרקה IV:67
ליתו טעי	3	מימר מרקה IV:67
אנשיו דדרה	3	מימר מרקה IV:20
בטלת שמונ	3	מימר מרקה IV:65
גלית דיני	3	מימר מרקה IV:65
וקטלת יתה	3	מימר מרקה IV:65
ולא בטלת	3	מימר מרקה IV:65
פוררתה בבטול	3	מימר מרקה IV:65
בבטול אוכחו	3	מימר מרקה IV:65
עגלה כד	3	מימר מרקה IV:65
בעל פעור	3	מימר מרקה IV:65
וסיעתה כד	3	מימר מרקה IV:65
פוררתה בבטול אוכחו	3	מימר מרקה IV:65
בבטול אוכחו לכל	3	מימר מרקה IV:65
רב לית	3	מימר מרקה IV:41
עליו יכלה	3	מימר מרקה IV:41
לכל עמול	3	מימר מרקה IV:41
דמנ פמה	3	מימר מרקה IV:14
בראשית ברא	3	מימר מרקה IV:14
יהוה אקרא	3	מימר מרקה IV:14
ומשה אמר	3	מימר מרקה IV:14
יומיה וכל	3	מימר מרקה IV:14
וכל מצוהתה	3	מימר מרקה IV:14
כי בשמ יהוה	3	מימר מרקה IV:14
בשמ יהוה אקרא	3	מימר מרקה IV:14
עובדימ בישימ	3	מימר מרקה IV:93
אבהנ עמ	3	מימר מרקה IV:93
ותרחמ ית	3	מימר מרקה IV:93
ית יה	3	מימר מרקה IV:93
כל נפש	3	מימר מרקה IV:93
כמה דאמר ותרחמ	3	מימר מרקה IV:93
דאמר ותרחמ ית	3	מימר מרקה IV:93
ותרחמ ית יה	3	מימר מרקה IV:93
רבה אה	3	מימר מרקה IV:77
אה אימנו	3	מימר מרקה IV:77
אימנו שלמה	3	מימר מרקה IV:77
עגל מסכה	3	מימר מרקה IV:32
בר טב	3	מימר מרקה IV:58
אב טב	3	מימר מרקה IV:58
ית דכרנה	3	מימר מרקה IV:64
ואבטל ית	3	מימר מרקה IV:64
כד השלמת	3	מימר מרקה IV:64
וילה חיבה	3	מימר מרקה IV:42
וסגד לה	3	מימר מרקה IV:42
מציל מנ	3	מימר מרקה IV:42
מידי מציל מנ	3	מימר מרקה IV:42
וכד אמר	3	מימר מרקה IV:82
חדדה אכה	3	מימר מרקה IV:49
וידבר אלהימ	3	מימר מרקה IV:49
אמר וידבר משה	3	מימר מרקה IV:49
משה לא קמ	3	מימר מרקה IV:62
כל איקרה	3	מימר מרקה IV:89
אברהמ ית	3	מימר מרקה IV:46
לא יהי כנ	3	מימר מרקה IV:46
כנ אננ בני	3	מימר מרקה IV:46
אתיהב לה	3	מימר מרקה IV:66
לא יבטל	3	מימר מרקה IV:44
נביה דלא	3	מימר מרקה IV:44
נביה דלא קעמ	3	מימר מרקה IV:44
ואמר כי	3	מימר מרקה IV:13
דלא קמ כותה	3	מימר מרקה IV:13
בר שלומית	3	מימר מרקה IV:47
אמת קשטה	3	מימר מרקה IV:47
ועתה ישראל	3	מימר מרקה IV:47
עד אמת קשטה	3	מימר מרקה IV:47
על פני	3	מימר מרקה IV:76
בתר נביה	3	מימר מרקה IV:40
בתר נביה רבה	3	מימר מרקה IV:40
אתגזי בקשט	3	מימר מרקה IV:26
בר ברה	3	מימר מרקה IV:26
נבטל מנ	3	מימר מרקה IV:26
משה מוכח	3	מימר מרקה IV:19
אמר כי כל	3	מימר מרקה IV:19
רבה משה מוכח	3	מימר מרקה IV:19
כפ רגלה	3	מימר מרקה IV:91
והמ תכו	3	מימר מרקה IV:92
תכו לרגליכ	3	מימר מרקה IV:92
והמ תכו לרגליכ	3	מימר מרקה IV:92
מקבל כל	3	מימר מרקה IV:37
עלמה אני	3	מימר מרקה IV:55
וכל קהל	3	מימר מרקה IV:55
וכל קהל ישראל	3	מימר מרקה IV:55
כל ארעה	3	מימר מרקה IV:88
בית ביש	3	מימר מרקה IV:33
על קנומה	3	מימר מרקה IV:33
ואנונ כהלונ	3	מימר מרקה IV:33
אל מעונה	3	מימר מרקה IV:94
מעונה עלאה	3	מימר מרקה IV:94
והשבעימ הזקנימ	3	מימר מרקה IV:94
בתר יומ	3	מימר מרקה IV:23
בתר יומ נקמ	3	מימר מרקה IV:23
אדה דאלה	3	מימר מרקה IV:83
משה ולא	3	מימר מרקה IV:83
מדע יהי	3	מימר מרקה IV:87
מה ביש	3	מימר מרקה IV:87
ביש עובד	3	מימר מרקה IV:87
וילה אנש דיהי	3	מימר מרקה IV:87
באידנ מדע יהי	3	מימר מרקה IV:87
מדע יהי כנ	3	מימר מרקה IV:87
מה ביש עובד	3	מימר מרקה IV:87
דמרכ קעניכ	3	מימר מרקה IV:51
כות משה	3	מימר מרקה IV:51
אמר הוא עשכ	3	מימר מרקה IV:52
רוח חכמה	3	מימר מרקה IV:101
ביד נביא	3	מימר מרקה IV:101
כיונ לא	3	מימר מרקה IV:96
שבט לוי	3	מימר מרקה IV:90
אלהי נכר לא	3	מימר מרקה IV:54
לכל עלמה	3	מימר מרקה IV:81
תרימ ועסרימ	3	מימר מרקה IV:2
קלה ואמר	3	מימר מרקה V:20
כתר עמנ	3	מימר מרקה V:20
עמנ שעה	3	מימר מרקה V:20
ומלאכי רומה	3	מימר מרקה V:20
כתר עמנ שעה	3	מימר מרקה V:20
מימרה לא	3	מימר מרקה V:35
מותה ולא	3	מימר מרקה V:35
מלי ארהותה	3	מימר מרקה V:35
טלה ולא	3	מימר מרקה V:30b
חזה ית	3	מימר מרקה V:30b
נביה קדישה	3	מימר מרקה V:30b
כות טלה ולא	3	מימר מרקה V:30b
דנ נביה קדישה	3	מימר מרקה V:30b
עמ יהושע	3	מימר מרקה V:6
בבכיה רבה	3	מימר מרקה V:6
בכי אמר	3	מימר מרקה V:6
יסק ימות	3	מימר מרקה V:6
כל אהנ דברה	3	מימר מרקה V:6
ויהושע בנ	3	מימר מרקה V:8
ויהושע בנ נונ	3	מימר מרקה V:8
נאמנ על	3	מימר מרקה V:23
יתרבי לעלמ משה	3	מימר מרקה V:23
יאי מעמי	3	מימר מרקה V:31
וימת שמ	3	מימר מרקה V:31
שמ משה	3	מימר מרקה V:31
וימת שמ משה	3	מימר מרקה V:31
בדילה הנ	3	מימר מרקה V:5
בדילה הנ לא	3	מימר מרקה V:5
מרירה שעתה דבה	3	מימר מרקה V:5
על מימר	3	מימר מרקה V:32
רבה על	3	מימר מרקה V:9
אוקרת יתה	3	מימר מרקה V:26
אה לאוי	3	מימר מרקה V:11
מצלי בדיל	3	מימר מרקה V:11
לגו עננה	3	מימר מרקה V:22
חסילה הי	3	מימר מרקה V:18
עד לבב	3	מימר מרקה V:4
לבב שומיה	3	מימר מרקה V:4
והוית לה	3	מימר מרקה V:4
לה כות	3	מימר מרקה V:4
שאלה לא	3	מימר מרקה V:4
עד לבב שומיה	3	מימר מרקה V:4
לה כות טלה	3	מימר מרקה V:4
אנה שאלה לא	3	מימר מרקה V:4
אדכירימ לטב	3	מימר מרקה V:37
אדכירימ לטב עד	3	מימר מרקה V:37
ממלל אלה	3	מימר מרקה V:29
מכל בני	3	מימר מרקה V:29
מכל בני אדמ	3	מימר מרקה V:29
לא יקרבנה	3	מימר מרקה V:3
אלאפ אמרת	3	מימר מרקה V:3
וכרזת בדילה	3	מימר מרקה V:3
אמרת וכרזת בדילה	3	מימר מרקה V:3
בטור נבא	3	מימר מרקה V:34
ומלל יהוה	3	מימר מרקה V:2
ומלל יהוה אל	3	מימר מרקה V:2
קצי ארהותה	3	מימר מרקה VI:35
למה לא הוה	3	מימר מרקה VI:35
אהנ גזוי	3	מימר מרקה VI:13
ממללה ממלל	3	מימר מרקה VI:70
חכמה ובה	3	מימר מרקה VI:6
מנ תפוכ	3	מימר מרקה VI:6
כד חכמת	3	מימר מרקה VI:39
לי בריש	3	מימר מרקה VI:53
לי בריש קציה	3	מימר מרקה VI:53
תמנ הגיב	3	מימר מרקה VI:68
מליה הגבו	3	מימר מרקה VI:68
הגבו מרבי	3	מימר מרקה VI:68
אלינ מליה הגבו	3	מימר מרקה VI:68
חברי קבלה	3	מימר מרקה VI:9
אורה רבה	3	מימר מרקה VI:9
אננ אנונ חברי	3	מימר מרקה VI:9
אנונ חברי קבלה	3	מימר מרקה VI:9
וקעמת עמ	3	מימר מרקה VI:26
לא הכתבת	3	מימר מרקה VI:26
למה לא הכתבת	3	מימר מרקה VI:26
ארשתה אלה	3	מימר מרקה VI:18
דחלתה מנ	3	מימר מרקה VI:37
מנכ לעלמ	3	מימר מרקה VI:55
מכנ אתי	3	מימר מרקה VI:50
משה ממלל	3	מימר מרקה VI:25
ממלל ברבו	3	מימר מרקה VI:25
רבה משה ממלל	3	מימר מרקה VI:25
לה אתי בשלמ	3	מימר מרקה VI:15
אמר לה שלמ	3	מימר מרקה VI:15
בשרוי קציה	3	מימר מרקה VI:63
אה גנה	3	מימר מרקה VI:20
גנה טבה	3	מימר מרקה VI:20
טבה בה	3	מימר מרקה VI:20
אה גנה טבה	3	מימר מרקה VI:20
גנה טבה בה	3	מימר מרקה VI:20
טבה בה כל	3	מימר מרקה VI:20
בה כל אילנ	3	מימר מרקה VI:20
כל אילנ טב	3	מימר מרקה VI:20
שבקו מחכומה	3	מימר מרקה VI:7
כד שבקו מחכומה	3	מימר מרקה VI:7
עמכ ואתה	3	מימר מרקה VI:48
אה בוראימ	3	מימר מרקה VI:5
בחיל ידוע	3	מימר מרקה VI:5
ידוע ידע	3	מימר מרקה VI:5
ידע רבות	3	מימר מרקה VI:5
לית בחיל ידוע	3	מימר מרקה VI:5
בחיל ידוע ידע	3	מימר מרקה VI:5
